"id","source","registration_date","device","country_code","city"
1,Organic,2024-01-11,iOS,US,New York
2,Organic,2024-02-17,iOS,KZ,Almaty
3,Organic,2024-02-05,Android,RU,Kazan
4,Organic,2024-01-30,Android,KZ,Shymkent
5,Organic,2024-01-06,iOS,GB,Birmingham
6,Organic,2024-01-25,Android,US,Los Angeles
7,Organic,2024-02-09,Android,GB,London
8,Organic,2024-01-25,iOS,GB,Birmingham
9,Organic,2024-01-04,iOS,GB,London
10,Organic,2024-02-03,Android,GB,London
11,Organic,2024-02-06,iOS,RU,Moscow
12,Organic,2024-02-13,Android,KZ,Shymkent
13,Organic,2024-01-12,iOS,DE,Berlin
14,Organic,2024-01-02,iOS,US,Chicago
15,Organic,2024-03-01,iOS,RU,Moscow
16,Organic,2024-01-07,Android,KZ,Shymkent
17,Organic,2024-02-29,Android,KZ,Shymkent
18,Organic,2024-01-31,iOS,RU,Kazan
19,Organic,2024-02-13,Android,GB,Manchester
20,Organic,2024-01-11,iOS,DE,Munich
21,Organic,2024-01-25,iOS,DE,Hamburg
22,Organic,2024-02-11,Android,DE,Berlin
23,Organic,2024-02-05,iOS,US,Los Angeles
24,Organic,2024-02-07,iOS,RU,Kazan
25,Organic,2024-01-03,Android,GB,Manchester
26,Organic,2024-01-03,Android,US,Chicago
27,Organic,2024-02-14,iOS,GB,London
28,Organic,2024-01-05,Android,RU,Kazan
29,Organic,2024-01-08,iOS,KZ,Astana
30,Organic,2024-01-04,iOS,KZ,Almaty
31,Organic,2024-01-10,iOS,DE,Hamburg
32,Organic,2024-02-06,iOS,KZ,Shymkent
33,Organic,2024-01-03,Android,US,Los Angeles
34,Organic,2024-02-24,Android,KZ,Astana
35,Organic,2024-01-16,iOS,US,Chicago
36,Organic,2024-01-03,iOS,KZ,Almaty
37,Organic,2024-01-17,iOS,KZ,Astana
38,Organic,2024-01-21,iOS,RU,Kazan
39,Organic,2024-02-03,Android,US,New York
40,Organic,2024-02-06,Android,US,Chicago
41,Organic,2024-01-28,Android,RU,Moscow
42,Organic,2024-01-27,iOS,RU,Kazan
43,Organic,2024-02-01,Android,US,Los Angeles
44,Organic,2024-01-19,Android,KZ,Almaty
45,Organic,2024-01-28,Android,KZ,Shymkent
46,Organic,2024-02-03,iOS,KZ,Astana
47,Organic,2024-02-25,Android,US,Chicago
48,Organic,2024-01-17,Android,KZ,Almaty
49,Organic,2024-03-01,Android,RU,Kazan
50,Organic,2024-02-29,iOS,GB,Manchester
51,Organic,2024-01-05,Android,DE,Hamburg
52,Organic,2024-02-14,iOS,KZ,Astana
53,Organic,2024-02-03,Android,RU,Saint Petersburg
54,Organic,2024-02-20,Android,GB,London
55,Organic,2024-01-09,iOS,DE,Berlin
56,Organic,2024-01-02,Android,GB,Manchester
57,Organic,2024-02-06,iOS,DE,Berlin
58,Organic,2024-02-14,iOS,KZ,Shymkent
59,Organic,2024-01-09,Android,KZ,Shymkent
60,Organic,2024-02-19,iOS,GB,Manchester
61,Organic,2024-01-28,Android,RU,Kazan
62,Organic,2024-01-07,Android,GB,Manchester
63,Organic,2024-01-06,Android,KZ,Almaty
64,Organic,2024-02-09,Android,RU,Moscow
65,Organic,2024-02-06,Android,US,Los Angeles
66,Organic,2024-02-23,Android,DE,Munich
67,Organic,2024-02-04,iOS,GB,Birmingham
68,Organic,2024-02-23,iOS,US,New York
69,Organic,2024-02-13,iOS,RU,Moscow
70,Organic,2024-01-20,Android,KZ,Almaty
71,Organic,2024-01-30,Android,US,Chicago
72,Organic,2024-01-06,Android,US,Chicago
73,Organic,2024-01-18,Android,GB,London
74,Organic,2024-02-23,iOS,KZ,Shymkent
75,Organic,2024-02-26,Android,GB,Manchester
76,Organic,2024-01-22,iOS,KZ,Almaty
77,Organic,2024-01-24,Android,RU,Saint Petersburg
78,Organic,2024-02-01,iOS,US,Los Angeles
79,Organic,2024-01-29,iOS,KZ,Astana
80,Organic,2024-01-22,iOS,DE,Munich
81,Organic,2024-02-10,iOS,DE,Berlin
82,Organic,2024-02-03,iOS,RU,Saint Petersburg
83,Organic,2024-02-24,iOS,GB,Manchester
84,Organic,2024-02-01,Android,RU,Saint Petersburg
85,Organic,2024-02-08,Android,RU,Kazan
86,Organic,2024-01-14,Android,GB,Birmingham
87,Organic,2024-01-12,iOS,GB,Manchester
88,Organic,2024-02-09,Android,GB,London
89,Organic,2024-01-28,iOS,KZ,Shymkent
90,Organic,2024-02-05,Android,KZ,Almaty
91,Organic,2024-01-18,iOS,DE,Hamburg
92,Organic,2024-02-22,iOS,RU,Saint Petersburg
93,Organic,2024-01-12,iOS,GB,London
94,Organic,2024-02-13,iOS,US,Chicago
95,Organic,2024-01-24,Android,US,New York
96,Organic,2024-01-16,iOS,GB,Manchester
97,Organic,2024-02-17,iOS,RU,Moscow
98,Organic,2024-02-26,iOS,GB,Manchester
99,Organic,2024-02-27,Android,US,Los Angeles
100,Organic,2024-01-15,iOS,DE,Berlin
101,Organic,2024-01-27,Android,KZ,Almaty
102,Organic,2024-01-28,Android,RU,Saint Petersburg
103,Organic,2024-01-15,iOS,DE,Munich
104,Organic,2024-01-29,iOS,RU,Moscow
105,Organic,2024-01-01,Android,RU,Moscow
106,Organic,2024-02-04,iOS,US,Los Angeles
107,Organic,2024-01-04,iOS,GB,Manchester
108,Organic,2024-02-06,Android,DE,Berlin
109,Organic,2024-01-01,Android,KZ,Almaty
110,Organic,2024-02-21,iOS,DE,Berlin
111,Organic,2024-01-26,Android,GB,Manchester
112,Organic,2024-02-09,Android,DE,Munich
113,Organic,2024-02-23,Android,RU,Saint Petersburg
114,Organic,2024-01-21,iOS,US,New York
115,Organic,2024-02-23,Android,US,Los Angeles
116,Organic,2024-02-10,Android,DE,Munich
117,Organic,2024-01-23,iOS,GB,Birmingham
118,Organic,2024-01-22,iOS,US,New York
119,Organic,2024-01-27,Android,GB,London
120,Organic,2024-01-20,iOS,RU,Kazan
121,Organic,2024-02-04,iOS,KZ,Almaty
122,Organic,2024-02-13,iOS,DE,Berlin
123,Organic,2024-01-26,iOS,KZ,Astana
124,Organic,2024-01-04,iOS,DE,Berlin
125,Organic,2024-01-29,Android,KZ,Almaty
126,Organic,2024-01-17,Android,RU,Moscow
127,Organic,2024-01-30,iOS,KZ,Shymkent
128,Organic,2024-01-08,Android,GB,Birmingham
129,Organic,2024-01-11,iOS,US,New York
130,Organic,2024-02-05,iOS,KZ,Astana
131,Organic,2024-01-02,Android,KZ,Almaty
132,Organic,2024-01-26,Android,RU,Saint Petersburg
133,Organic,2024-01-08,iOS,DE,Hamburg
134,Organic,2024-01-31,iOS,KZ,Astana
135,Organic,2024-01-18,Android,RU,Moscow
136,Organic,2024-01-26,iOS,GB,London
137,Organic,2024-01-21,Android,RU,Saint Petersburg
138,Organic,2024-02-05,iOS,KZ,Astana
139,Organic,2024-02-05,iOS,US,Los Angeles
140,Organic,2024-01-15,Android,DE,Hamburg
141,Organic,2024-02-29,Android,RU,Moscow
142,Organic,2024-01-03,Android,DE,Munich
143,Organic,2024-01-25,iOS,GB,Manchester
144,Organic,2024-02-14,Android,GB,London
145,Organic,2024-02-04,iOS,DE,Hamburg
146,Organic,2024-01-25,iOS,KZ,Almaty
147,Organic,2024-01-03,iOS,GB,London
148,Organic,2024-01-03,iOS,KZ,Shymkent
149,Organic,2024-01-08,iOS,US,Los Angeles
150,Organic,2024-01-25,iOS,DE,Hamburg
151,Organic,2024-01-31,iOS,RU,Saint Petersburg
152,Organic,2024-02-18,iOS,US,Chicago
153,Organic,2024-02-03,iOS,GB,Birmingham
154,Organic,2024-01-20,Android,DE,Berlin
155,Organic,2024-02-21,Android,GB,Birmingham
156,Organic,2024-01-22,iOS,GB,Manchester
157,Organic,2024-02-07,iOS,DE,Berlin
158,Organic,2024-01-25,Android,US,Chicago
159,Organic,2024-01-15,Android,KZ,Shymkent
160,Organic,2024-02-16,Android,DE,Hamburg
161,Organic,2024-01-03,Android,KZ,Astana
162,Organic,2024-02-01,Android,GB,London
163,Organic,2024-03-01,iOS,DE,Munich
164,Organic,2024-02-03,iOS,US,New York
165,Organic,2024-01-23,Android,GB,Birmingham
166,Organic,2024-01-08,iOS,US,New York
167,Organic,2024-02-10,Android,US,Chicago
168,Organic,2024-01-08,iOS,KZ,Almaty
169,Organic,2024-01-11,Android,US,New York
170,Organic,2024-01-13,iOS,KZ,Almaty
171,Organic,2024-01-27,Android,RU,Kazan
172,Organic,2024-01-10,iOS,DE,Berlin
173,Organic,2024-01-15,iOS,GB,Manchester
174,Organic,2024-01-06,iOS,US,Chicago
175,Organic,2024-01-08,Android,RU,Kazan
176,Organic,2024-01-18,Android,DE,Hamburg
177,Organic,2024-02-05,iOS,RU,Kazan
178,Organic,2024-01-27,iOS,RU,Moscow
179,Organic,2024-01-04,Android,KZ,Almaty
180,Organic,2024-02-28,iOS,KZ,Astana
181,Organic,2024-01-03,iOS,GB,London
182,Organic,2024-01-03,iOS,RU,Saint Petersburg
183,Organic,2024-02-03,iOS,DE,Berlin
184,Organic,2024-01-12,iOS,RU,Saint Petersburg
185,Organic,2024-01-24,iOS,DE,Berlin
186,Organic,2024-02-17,iOS,KZ,Astana
187,Organic,2024-01-19,Android,US,Los Angeles
188,Organic,2024-01-25,iOS,DE,Berlin
189,Organic,2024-02-17,iOS,GB,Manchester
190,Organic,2024-01-15,iOS,GB,London
191,Organic,2024-01-18,Android,GB,Manchester
192,Organic,2024-01-23,Android,GB,London
193,Organic,2024-02-20,Android,GB,Manchester
194,Organic,2024-01-26,Android,GB,Manchester
195,Organic,2024-02-22,Android,US,Los Angeles
196,Organic,2024-02-26,Android,RU,Saint Petersburg
197,Organic,2024-02-29,Android,US,New York
198,Organic,2024-02-27,iOS,KZ,Astana
199,Organic,2024-02-25,iOS,RU,Moscow
200,Organic,2024-01-28,iOS,KZ,Shymkent
201,Organic,2024-02-29,Android,RU,Saint Petersburg
202,Organic,2024-01-15,iOS,US,New York
203,Organic,2024-01-12,Android,KZ,Astana
204,Organic,2024-02-13,iOS,RU,Kazan
205,Organic,2024-03-01,iOS,DE,Hamburg
206,Organic,2024-01-12,Android,DE,Munich
207,Organic,2024-02-08,Android,RU,Moscow
208,Organic,2024-01-26,iOS,KZ,Almaty
209,Organic,2024-01-15,Android,US,Chicago
210,Organic,2024-01-02,iOS,US,Los Angeles
211,Organic,2024-01-07,Android,GB,London
212,Organic,2024-02-24,Android,KZ,Astana
213,Organic,2024-01-25,iOS,DE,Hamburg
214,Organic,2024-01-11,iOS,RU,Kazan
215,Organic,2024-02-16,iOS,RU,Saint Petersburg
216,Organic,2024-01-20,Android,DE,Berlin
217,Organic,2024-02-01,Android,US,Los Angeles
218,Organic,2024-01-08,Android,US,Chicago
219,Organic,2024-02-09,iOS,GB,London
220,Organic,2024-01-15,iOS,GB,London
221,Organic,2024-02-19,iOS,RU,Moscow
222,Organic,2024-02-13,Android,DE,Berlin
223,Organic,2024-02-02,iOS,DE,Munich
224,Organic,2024-02-03,iOS,US,Los Angeles
225,Organic,2024-02-13,iOS,US,Chicago
226,Organic,2024-02-11,iOS,DE,Berlin
227,Organic,2024-01-09,iOS,KZ,Shymkent
228,Organic,2024-02-20,iOS,RU,Moscow
229,Organic,2024-02-06,iOS,RU,Kazan
230,Organic,2024-02-27,Android,KZ,Astana
231,Organic,2024-02-25,Android,GB,Birmingham
232,Organic,2024-01-24,iOS,GB,Manchester
233,Organic,2024-02-14,iOS,RU,Kazan
234,Organic,2024-01-23,Android,RU,Kazan
235,Organic,2024-01-18,Android,KZ,Almaty
236,Organic,2024-01-14,iOS,KZ,Almaty
237,Organic,2024-02-01,Android,US,Los Angeles
238,Organic,2024-01-28,Android,KZ,Almaty
239,Organic,2024-01-20,iOS,KZ,Almaty
240,Organic,2024-01-13,Android,KZ,Astana
241,Organic,2024-02-18,Android,GB,Birmingham
242,Organic,2024-02-02,Android,DE,Hamburg
243,Organic,2024-02-24,iOS,KZ,Almaty
244,Organic,2024-01-31,Android,RU,Saint Petersburg
245,Organic,2024-01-27,iOS,US,New York
246,Organic,2024-02-28,iOS,DE,Berlin
247,Organic,2024-02-08,Android,KZ,Shymkent
248,Organic,2024-02-10,Android,KZ,Shymkent
249,Organic,2024-02-10,iOS,RU,Moscow
250,Organic,2024-03-01,Android,KZ,Almaty
251,Organic,2024-02-06,Android,RU,Saint Petersburg
252,Organic,2024-01-17,iOS,US,Chicago
253,Organic,2024-02-23,iOS,GB,London
254,Organic,2024-02-11,iOS,US,Chicago
255,Organic,2024-01-12,iOS,US,Los Angeles
256,Organic,2024-01-02,iOS,GB,London
257,Organic,2024-01-12,Android,US,New York
258,Organic,2024-02-21,iOS,US,Los Angeles
259,Organic,2024-02-01,iOS,RU,Kazan
260,Organic,2024-01-21,Android,GB,Birmingham
261,Organic,2024-02-10,iOS,RU,Saint Petersburg
262,Organic,2024-01-07,iOS,RU,Kazan
263,Organic,2024-01-24,Android,GB,London
264,Organic,2024-02-16,iOS,US,Los Angeles
265,Organic,2024-01-28,Android,US,Los Angeles
266,Organic,2024-01-21,Android,US,Chicago
267,Organic,2024-02-21,iOS,RU,Saint Petersburg
268,Organic,2024-02-29,Android,KZ,Shymkent
269,Organic,2024-01-26,Android,KZ,Shymkent
270,Organic,2024-02-19,iOS,RU,Moscow
271,Organic,2024-01-06,iOS,KZ,Almaty
272,Organic,2024-01-25,iOS,DE,Hamburg
273,Organic,2024-01-09,iOS,KZ,Astana
274,Organic,2024-02-01,Android,KZ,Almaty
275,Organic,2024-02-28,Android,DE,Berlin
276,Organic,2024-02-05,Android,US,Los Angeles
277,Organic,2024-01-28,iOS,RU,Kazan
278,Organic,2024-01-14,iOS,RU,Kazan
279,Organic,2024-03-01,iOS,DE,Hamburg
280,Organic,2024-01-16,iOS,DE,Berlin
281,Organic,2024-01-19,iOS,KZ,Astana
282,Organic,2024-01-07,iOS,KZ,Almaty
283,Organic,2024-02-07,iOS,DE,Berlin
284,Organic,2024-02-26,iOS,RU,Saint Petersburg
285,Organic,2024-02-18,Android,RU,Moscow
286,Organic,2024-01-31,iOS,RU,Kazan
287,Organic,2024-02-05,iOS,GB,Birmingham
288,Organic,2024-01-30,Android,KZ,Almaty
289,Organic,2024-01-16,iOS,US,Los Angeles
290,Organic,2024-02-18,Android,KZ,Shymkent
291,Organic,2024-01-14,iOS,US,Chicago
292,Organic,2024-02-11,Android,GB,Manchester
293,Organic,2024-02-26,iOS,US,Los Angeles
294,Organic,2024-01-02,iOS,US,Chicago
295,Organic,2024-02-08,Android,US,New York
296,Organic,2024-01-06,Android,RU,Moscow
297,Organic,2024-01-15,iOS,GB,London
298,Organic,2024-02-13,Android,KZ,Almaty
299,Organic,2024-01-22,iOS,US,New York
300,Organic,2024-02-23,iOS,DE,Berlin
301,Organic,2024-02-02,iOS,US,Los Angeles
302,Organic,2024-02-03,iOS,US,New York
303,Organic,2024-01-26,Android,KZ,Shymkent
304,Organic,2024-01-28,iOS,KZ,Almaty
305,Organic,2024-02-05,Android,RU,Moscow
306,Organic,2024-01-09,iOS,KZ,Almaty
307,Organic,2024-01-03,Android,DE,Munich
308,Organic,2024-01-30,iOS,US,New York
309,Organic,2024-01-23,iOS,RU,Saint Petersburg
310,Organic,2024-02-15,iOS,DE,Hamburg
311,Organic,2024-01-28,iOS,US,Los Angeles
312,Organic,2024-01-20,Android,GB,Birmingham
313,Organic,2024-01-26,iOS,US,New York
314,Organic,2024-02-04,iOS,KZ,Almaty
315,Organic,2024-02-05,Android,US,Los Angeles
316,Organic,2024-02-16,iOS,DE,Berlin
317,Organic,2024-01-09,iOS,GB,Manchester
318,Organic,2024-01-02,iOS,GB,Birmingham
319,Organic,2024-02-13,Android,RU,Moscow
320,Organic,2024-02-28,iOS,RU,Saint Petersburg
321,Organic,2024-02-09,iOS,GB,Birmingham
322,Organic,2024-01-24,iOS,RU,Saint Petersburg
323,Organic,2024-02-24,iOS,US,New York
324,Organic,2024-02-25,iOS,DE,Berlin
325,Organic,2024-02-20,Android,KZ,Almaty
326,Organic,2024-01-05,Android,RU,Saint Petersburg
327,Organic,2024-01-11,iOS,RU,Saint Petersburg
328,Organic,2024-01-26,iOS,US,New York
329,Organic,2024-01-17,iOS,KZ,Almaty
330,Organic,2024-01-21,iOS,US,Chicago
331,Organic,2024-01-02,Android,DE,Berlin
332,Organic,2024-01-10,Android,RU,Saint Petersburg
333,Organic,2024-01-08,iOS,GB,Manchester
334,Organic,2024-01-07,iOS,GB,Birmingham
335,Organic,2024-02-01,Android,RU,Moscow
336,Organic,2024-02-24,Android,US,Chicago
337,Organic,2024-01-16,iOS,KZ,Shymkent
338,Organic,2024-01-19,iOS,GB,Birmingham
339,Organic,2024-02-27,iOS,US,Los Angeles
340,Organic,2024-01-11,Android,KZ,Shymkent
341,Organic,2024-01-23,iOS,GB,Birmingham
342,Organic,2024-03-01,iOS,KZ,Shymkent
343,Organic,2024-01-14,iOS,GB,Birmingham
344,Organic,2024-01-02,iOS,KZ,Almaty
345,Organic,2024-02-26,Android,DE,Munich
346,Organic,2024-02-23,iOS,RU,Saint Petersburg
347,Organic,2024-01-07,iOS,GB,Birmingham
348,Organic,2024-02-03,Android,US,New York
349,Organic,2024-02-01,Android,GB,London
350,Organic,2024-01-09,iOS,US,New York
351,Organic,2024-01-02,iOS,KZ,Shymkent
352,Organic,2024-01-30,Android,US,New York
353,Organic,2024-02-10,Android,DE,Hamburg
354,Organic,2024-01-23,iOS,GB,London
355,Organic,2024-02-27,Android,RU,Kazan
356,Organic,2024-01-21,iOS,GB,London
357,Organic,2024-01-01,iOS,RU,Kazan
358,Organic,2024-01-05,iOS,US,Chicago
359,Organic,2024-02-22,Android,US,New York
360,Organic,2024-01-12,Android,US,Los Angeles
361,Organic,2024-02-18,Android,DE,Berlin
362,Organic,2024-02-27,iOS,US,Los Angeles
363,Organic,2024-02-03,iOS,KZ,Shymkent
364,Organic,2024-01-20,iOS,RU,Kazan
365,Organic,2024-02-21,iOS,DE,Berlin
366,Organic,2024-02-29,iOS,RU,Saint Petersburg
367,Organic,2024-01-04,Android,RU,Kazan
368,Organic,2024-02-27,Android,KZ,Astana
369,Organic,2024-01-21,Android,RU,Moscow
370,Organic,2024-01-02,Android,KZ,Shymkent
371,Organic,2024-01-05,iOS,KZ,Astana
372,Organic,2024-02-02,Android,KZ,Shymkent
373,Organic,2024-02-08,Android,KZ,Almaty
374,Organic,2024-02-11,Android,GB,London
375,Organic,2024-02-29,Android,KZ,Shymkent
376,Organic,2024-01-05,iOS,KZ,Astana
377,Organic,2024-01-05,iOS,RU,Saint Petersburg
378,Organic,2024-02-03,iOS,RU,Kazan
379,Organic,2024-01-31,Android,US,Los Angeles
380,Organic,2024-02-16,Android,RU,Kazan
381,Organic,2024-02-18,iOS,GB,Manchester
382,Organic,2024-02-07,iOS,GB,Birmingham
383,Organic,2024-02-06,Android,KZ,Astana
384,Organic,2024-01-10,iOS,DE,Munich
385,Organic,2024-01-02,Android,US,Los Angeles
386,Organic,2024-02-28,Android,GB,Birmingham
387,Organic,2024-01-12,Android,RU,Saint Petersburg
388,Organic,2024-01-08,iOS,US,Los Angeles
389,Organic,2024-02-24,iOS,DE,Hamburg
390,Organic,2024-01-03,iOS,RU,Kazan
391,Organic,2024-02-01,iOS,KZ,Astana
392,Organic,2024-02-23,Android,US,Chicago
393,Organic,2024-02-14,iOS,RU,Moscow
394,Organic,2024-02-25,iOS,KZ,Shymkent
395,Organic,2024-01-20,Android,DE,Berlin
396,Organic,2024-01-12,Android,US,Chicago
397,Organic,2024-01-15,Android,DE,Berlin
398,Organic,2024-01-17,Android,DE,Munich
399,Organic,2024-01-19,Android,RU,Moscow
400,Organic,2024-02-19,iOS,RU,Kazan
401,Organic,2024-02-23,iOS,GB,Birmingham
402,Organic,2024-01-13,iOS,RU,Kazan
403,Organic,2024-02-24,Android,KZ,Almaty
404,Organic,2024-01-20,iOS,RU,Moscow
405,Organic,2024-01-25,Android,RU,Kazan
406,Organic,2024-02-08,iOS,GB,Birmingham
407,Organic,2024-02-07,Android,DE,Hamburg
408,Organic,2024-01-20,iOS,GB,Manchester
409,Organic,2024-02-03,iOS,GB,London
410,Organic,2024-02-12,iOS,US,Chicago
411,Organic,2024-01-19,iOS,GB,Manchester
412,Organic,2024-02-16,iOS,RU,Moscow
413,Organic,2024-01-20,Android,US,Chicago
414,Organic,2024-01-13,Android,DE,Munich
415,Organic,2024-03-01,iOS,DE,Hamburg
416,Organic,2024-01-17,iOS,US,New York
417,Organic,2024-02-21,Android,RU,Moscow
418,Organic,2024-01-20,Android,DE,Hamburg
419,Organic,2024-02-08,Android,DE,Munich
420,Organic,2024-02-27,Android,US,Los Angeles
421,Organic,2024-02-26,iOS,DE,Berlin
422,Organic,2024-01-03,iOS,US,Chicago
423,Organic,2024-01-16,Android,KZ,Astana
424,Organic,2024-02-01,Android,RU,Moscow
425,Organic,2024-01-29,iOS,US,New York
426,Organic,2024-02-03,iOS,KZ,Astana
427,Organic,2024-01-12,Android,RU,Kazan
428,Organic,2024-01-07,iOS,RU,Moscow
429,Organic,2024-01-20,Android,GB,Birmingham
430,Organic,2024-02-13,Android,KZ,Almaty
431,Organic,2024-01-11,iOS,GB,Manchester
432,Organic,2024-01-06,Android,GB,London
433,Organic,2024-01-10,iOS,RU,Saint Petersburg
434,Organic,2024-02-27,Android,KZ,Almaty
435,Organic,2024-01-29,Android,US,New York
436,Organic,2024-01-17,Android,KZ,Almaty
437,Organic,2024-01-30,iOS,US,Los Angeles
438,Organic,2024-01-29,iOS,GB,Birmingham
439,Organic,2024-01-09,iOS,US,Chicago
440,Organic,2024-01-10,Android,GB,Manchester
441,Organic,2024-03-01,iOS,KZ,Almaty
442,Organic,2024-02-03,iOS,DE,Hamburg
443,Organic,2024-01-30,iOS,KZ,Shymkent
444,Organic,2024-02-09,Android,RU,Saint Petersburg
445,Organic,2024-02-26,iOS,GB,London
446,Organic,2024-01-21,iOS,KZ,Astana
447,Organic,2024-02-13,iOS,GB,Manchester
448,Organic,2024-02-24,iOS,DE,Berlin
449,Organic,2024-02-17,Android,US,Los Angeles
450,Organic,2024-02-24,Android,US,New York
451,Organic,2024-01-22,Android,DE,Hamburg
452,Organic,2024-01-13,Android,US,Chicago
453,Organic,2024-03-01,Android,RU,Kazan
454,Organic,2024-02-18,Android,RU,Saint Petersburg
455,Organic,2024-02-08,iOS,DE,Munich
456,Organic,2024-02-28,iOS,DE,Hamburg
457,Organic,2024-02-02,iOS,GB,Manchester
458,Organic,2024-01-09,iOS,KZ,Shymkent
459,Organic,2024-01-25,Android,GB,London
460,Organic,2024-01-08,iOS,US,Los Angeles
461,Organic,2024-01-10,iOS,US,New York
462,Organic,2024-01-02,iOS,US,Chicago
463,Organic,2024-02-29,iOS,KZ,Astana
464,Organic,2024-01-04,Android,DE,Munich
465,Organic,2024-01-11,iOS,DE,Berlin
466,Organic,2024-02-27,iOS,GB,Birmingham
467,Organic,2024-01-08,Android,DE,Berlin
468,Organic,2024-01-25,iOS,RU,Saint Petersburg
469,Organic,2024-02-25,iOS,RU,Saint Petersburg
470,Organic,2024-02-26,Android,DE,Berlin
471,Organic,2024-01-30,Android,KZ,Astana
472,Organic,2024-01-28,Android,DE,Hamburg
473,Organic,2024-01-14,iOS,DE,Berlin
474,Organic,2024-01-04,Android,US,New York
475,Organic,2024-02-01,Android,DE,Berlin
476,Organic,2024-01-05,iOS,GB,London
477,Organic,2024-01-22,iOS,GB,London
478,Organic,2024-01-18,iOS,US,Chicago
479,Organic,2024-03-01,iOS,RU,Saint Petersburg
480,Organic,2024-02-11,iOS,US,Chicago
481,Organic,2024-02-21,Android,US,Los Angeles
482,Organic,2024-02-04,iOS,KZ,Shymkent
483,Organic,2024-01-18,Android,GB,London
484,Organic,2024-01-23,iOS,US,Los Angeles
485,Organic,2024-01-28,Android,US,Los Angeles
486,Organic,2024-01-28,iOS,US,Chicago
487,Organic,2024-01-17,iOS,DE,Hamburg
488,Organic,2024-01-20,Android,KZ,Almaty
489,Organic,2024-02-20,iOS,US,New York
490,Organic,2024-02-03,iOS,GB,London
491,Organic,2024-01-11,Android,DE,Berlin
492,Organic,2024-01-06,iOS,US,Chicago
493,Organic,2024-02-26,iOS,US,New York
494,Organic,2024-01-20,iOS,KZ,Astana
495,Organic,2024-02-02,iOS,US,Los Angeles
496,Organic,2024-01-07,Android,DE,Berlin
497,Organic,2024-02-26,Android,KZ,Shymkent
498,Organic,2024-02-09,Android,DE,Berlin
499,Organic,2024-01-07,iOS,DE,Munich
500,Organic,2024-02-17,Android,GB,London
501,Organic,2024-02-04,Android,KZ,Astana
502,Organic,2024-02-06,iOS,KZ,Shymkent
503,Organic,2024-01-17,iOS,DE,Berlin
504,Organic,2024-02-20,iOS,GB,Birmingham
505,Organic,2024-02-12,iOS,US,New York
506,Organic,2024-02-01,iOS,GB,Manchester
507,Organic,2024-01-19,iOS,KZ,Almaty
508,Organic,2024-02-12,Android,KZ,Shymkent
509,Organic,2024-01-23,iOS,DE,Hamburg
510,Organic,2024-02-14,iOS,GB,Manchester
511,Organic,2024-02-21,iOS,US,Chicago
512,Organic,2024-02-19,Android,KZ,Shymkent
513,Organic,2024-01-29,Android,KZ,Astana
514,Organic,2024-02-26,iOS,GB,London
515,Organic,2024-01-30,iOS,RU,Kazan
516,Organic,2024-02-28,Android,KZ,Almaty
517,Organic,2024-01-06,Android,US,Los Angeles
518,Organic,2024-02-09,iOS,RU,Moscow
519,Organic,2024-02-03,Android,US,Chicago
520,Organic,2024-01-11,Android,DE,Munich
521,Organic,2024-01-30,iOS,KZ,Astana
522,Organic,2024-02-11,Android,KZ,Astana
523,Organic,2024-01-26,iOS,US,Los Angeles
524,Organic,2024-01-07,Android,GB,Manchester
525,Organic,2024-01-14,iOS,GB,Birmingham
526,Organic,2024-02-01,iOS,KZ,Almaty
527,Organic,2024-02-14,Android,KZ,Astana
528,Organic,2024-02-19,iOS,US,Los Angeles
529,Organic,2024-02-01,iOS,RU,Moscow
530,Organic,2024-01-23,Android,KZ,Almaty
531,Organic,2024-01-31,Android,US,Los Angeles
532,Organic,2024-02-14,iOS,DE,Hamburg
533,Organic,2024-01-30,iOS,GB,Birmingham
534,Organic,2024-02-19,Android,US,Chicago
535,Organic,2024-01-20,Android,GB,Manchester
536,Organic,2024-02-16,iOS,KZ,Almaty
537,Organic,2024-02-29,Android,KZ,Almaty
538,Organic,2024-01-22,iOS,KZ,Shymkent
539,Organic,2024-02-25,iOS,US,New York
540,Organic,2024-02-06,iOS,GB,London
541,Organic,2024-02-19,Android,US,Chicago
542,Organic,2024-02-11,Android,DE,Berlin
543,Organic,2024-02-26,iOS,RU,Moscow
544,Organic,2024-02-14,Android,GB,London
545,Organic,2024-01-13,iOS,US,New York
546,Organic,2024-01-25,iOS,RU,Moscow
547,Organic,2024-02-05,iOS,US,Chicago
548,Organic,2024-02-05,Android,DE,Hamburg
549,Organic,2024-01-22,iOS,KZ,Astana
550,Organic,2024-02-27,iOS,GB,London
551,Organic,2024-01-12,Android,RU,Saint Petersburg
552,Organic,2024-01-26,Android,DE,Munich
553,Organic,2024-02-03,iOS,KZ,Astana
554,Organic,2024-02-07,iOS,US,Los Angeles
555,Organic,2024-02-28,Android,KZ,Almaty
556,Organic,2024-02-11,iOS,US,Chicago
557,Organic,2024-01-07,Android,RU,Moscow
558,Organic,2024-02-26,Android,KZ,Shymkent
559,Organic,2024-01-01,Android,US,Chicago
560,Organic,2024-02-22,iOS,GB,London
561,Organic,2024-02-06,iOS,DE,Munich
562,Organic,2024-01-29,Android,GB,London
563,Organic,2024-02-11,iOS,KZ,Astana
564,Organic,2024-01-23,Android,DE,Berlin
565,Organic,2024-02-16,Android,RU,Kazan
566,Organic,2024-02-19,Android,KZ,Shymkent
567,Organic,2024-01-27,iOS,GB,Manchester
568,Organic,2024-02-10,Android,US,New York
569,Organic,2024-01-22,iOS,GB,London
570,Organic,2024-01-05,iOS,KZ,Almaty
571,Organic,2024-02-27,Android,RU,Kazan
572,Organic,2024-01-09,iOS,GB,London
573,Organic,2024-02-24,Android,US,Los Angeles
574,Organic,2024-02-14,iOS,DE,Berlin
575,Organic,2024-01-28,Android,US,Los Angeles
576,Organic,2024-01-18,iOS,RU,Kazan
577,Organic,2024-02-25,Android,DE,Hamburg
578,Organic,2024-02-25,iOS,US,Chicago
579,Organic,2024-02-24,iOS,KZ,Shymkent
580,Organic,2024-02-05,Android,GB,Manchester
581,Organic,2024-01-24,Android,US,New York
582,Organic,2024-01-30,iOS,KZ,Astana
583,Organic,2024-01-22,Android,GB,London
584,Organic,2024-01-25,iOS,US,Los Angeles
585,Organic,2024-02-27,iOS,RU,Saint Petersburg
586,Organic,2024-02-08,iOS,RU,Kazan
587,Organic,2024-01-04,Android,KZ,Astana
588,Organic,2024-01-04,Android,DE,Hamburg
589,Organic,2024-02-01,iOS,GB,Birmingham
590,Organic,2024-01-01,iOS,KZ,Astana
591,Organic,2024-02-15,iOS,US,Chicago
592,Organic,2024-02-08,iOS,KZ,Shymkent
593,Organic,2024-02-24,iOS,KZ,Almaty
594,Organic,2024-01-30,Android,US,New York
595,Organic,2024-01-23,iOS,KZ,Astana
596,Organic,2024-01-24,iOS,DE,Hamburg
597,Organic,2024-01-21,iOS,RU,Saint Petersburg
598,Organic,2024-01-07,iOS,US,New York
599,Organic,2024-02-05,iOS,GB,London
600,Organic,2024-02-05,Android,RU,Kazan
601,Organic,2024-01-24,Android,RU,Moscow
602,Organic,2024-01-10,iOS,GB,London
603,Organic,2024-02-14,iOS,DE,Berlin
604,Organic,2024-01-10,iOS,RU,Saint Petersburg
605,Organic,2024-02-03,iOS,GB,London
606,Organic,2024-01-19,iOS,KZ,Shymkent
607,Organic,2024-01-20,iOS,US,New York
608,Organic,2024-01-16,Android,KZ,Astana
609,Organic,2024-01-22,iOS,GB,Birmingham
610,Organic,2024-01-29,iOS,KZ,Astana
611,Organic,2024-02-24,Android,GB,Birmingham
612,Organic,2024-01-17,iOS,DE,Hamburg
613,Organic,2024-02-04,Android,KZ,Shymkent
614,Organic,2024-02-05,iOS,DE,Berlin
615,Organic,2024-01-21,iOS,GB,London
616,Organic,2024-02-01,Android,US,New York
617,Organic,2024-01-01,iOS,KZ,Shymkent
618,Organic,2024-03-01,iOS,RU,Moscow
619,Organic,2024-01-21,Android,US,New York
620,Organic,2024-01-10,iOS,RU,Kazan
621,Organic,2024-01-26,Android,US,Los Angeles
622,Organic,2024-02-08,iOS,RU,Moscow
623,Organic,2024-01-25,iOS,DE,Hamburg
624,Organic,2024-01-14,Android,KZ,Almaty
625,Organic,2024-01-02,Android,GB,Manchester
626,Organic,2024-01-25,iOS,US,Chicago
627,Organic,2024-02-27,iOS,US,New York
628,Organic,2024-01-09,Android,GB,Manchester
629,Organic,2024-02-24,Android,US,Los Angeles
630,Organic,2024-02-10,Android,KZ,Almaty
631,Organic,2024-02-11,iOS,US,Chicago
632,Organic,2024-02-01,iOS,RU,Moscow
633,Organic,2024-01-10,Android,GB,Manchester
634,Organic,2024-01-20,iOS,RU,Saint Petersburg
635,Organic,2024-02-08,iOS,KZ,Shymkent
636,Organic,2024-02-08,iOS,DE,Munich
637,Organic,2024-01-07,iOS,DE,Hamburg
638,Organic,2024-01-12,iOS,KZ,Shymkent
639,Organic,2024-02-01,iOS,US,Los Angeles
640,Organic,2024-02-06,Android,RU,Kazan
641,Organic,2024-02-19,iOS,KZ,Shymkent
642,Organic,2024-02-17,iOS,US,New York
643,Organic,2024-02-13,iOS,GB,London
644,Organic,2024-01-24,iOS,US,Los Angeles
645,Organic,2024-01-05,Android,US,Chicago
646,Organic,2024-02-26,iOS,KZ,Astana
647,Organic,2024-01-26,iOS,KZ,Astana
648,Organic,2024-01-25,iOS,GB,Manchester
649,Organic,2024-02-08,Android,KZ,Shymkent
650,Organic,2024-01-16,iOS,KZ,Astana
651,Organic,2024-02-04,iOS,GB,London
652,Organic,2024-03-01,iOS,DE,Berlin
653,Organic,2024-01-15,iOS,RU,Moscow
654,Organic,2024-01-26,iOS,KZ,Shymkent
655,Organic,2024-02-21,iOS,RU,Moscow
656,Organic,2024-01-18,Android,KZ,Almaty
657,Organic,2024-01-31,Android,US,New York
658,Organic,2024-02-14,iOS,KZ,Almaty
659,Organic,2024-01-24,Android,GB,Manchester
660,Organic,2024-01-04,Android,KZ,Astana
661,Organic,2024-02-02,iOS,DE,Berlin
662,Organic,2024-02-03,iOS,GB,Birmingham
663,Organic,2024-01-21,Android,DE,Munich
664,Organic,2024-02-22,Android,RU,Moscow
665,Organic,2024-01-28,Android,RU,Kazan
666,Organic,2024-01-14,Android,US,New York
667,Organic,2024-01-31,Android,DE,Hamburg
668,Organic,2024-02-12,iOS,DE,Munich
669,Organic,2024-01-19,Android,KZ,Shymkent
670,Organic,2024-02-16,iOS,RU,Saint Petersburg
671,Organic,2024-01-30,Android,KZ,Almaty
672,Organic,2024-02-03,Android,DE,Munich
673,Organic,2024-02-22,iOS,US,Los Angeles
674,Organic,2024-02-15,iOS,US,New York
675,Organic,2024-01-21,iOS,DE,Munich
676,Organic,2024-01-02,iOS,RU,Saint Petersburg
677,Organic,2024-01-06,iOS,KZ,Shymkent
678,Organic,2024-02-11,Android,GB,London
679,Organic,2024-02-22,Android,DE,Hamburg
680,Organic,2024-02-06,iOS,KZ,Almaty
681,Organic,2024-01-25,iOS,RU,Saint Petersburg
682,Organic,2024-01-01,Android,US,Los Angeles
683,Organic,2024-01-22,iOS,DE,Berlin
684,Organic,2024-02-11,Android,GB,London
685,Organic,2024-02-24,iOS,DE,Berlin
686,Organic,2024-02-29,iOS,US,Chicago
687,Organic,2024-01-23,iOS,US,Los Angeles
688,Organic,2024-02-06,Android,US,Los Angeles
689,Organic,2024-01-30,iOS,DE,Hamburg
690,Organic,2024-02-23,Android,RU,Saint Petersburg
691,Organic,2024-02-03,Android,GB,London
692,Organic,2024-01-25,Android,DE,Hamburg
693,Organic,2024-02-16,iOS,KZ,Shymkent
694,Organic,2024-02-19,Android,KZ,Astana
695,Organic,2024-02-25,iOS,GB,Manchester
696,Organic,2024-01-28,iOS,US,New York
697,Organic,2024-02-07,Android,US,New York
698,Organic,2024-02-11,iOS,RU,Kazan
699,Organic,2024-01-01,Android,DE,Berlin
700,Organic,2024-02-03,Android,GB,Birmingham
701,Instagram,2024-02-25,iOS,US,Chicago
702,Instagram,2024-02-16,Android,DE,Berlin
703,Instagram,2024-02-01,Android,GB,Birmingham
704,Instagram,2024-01-17,iOS,US,Los Angeles
705,Instagram,2024-02-01,iOS,DE,Berlin
706,Instagram,2024-01-10,Android,RU,Saint Petersburg
707,Instagram,2024-01-12,iOS,RU,Kazan
708,Instagram,2024-01-12,Android,KZ,Shymkent
709,Instagram,2024-02-23,iOS,GB,Manchester
710,Instagram,2024-02-10,iOS,KZ,Astana
711,Instagram,2024-01-10,Android,RU,Kazan
712,Instagram,2024-02-12,iOS,US,New York
713,Instagram,2024-01-07,Android,DE,Munich
714,Instagram,2024-01-07,Android,DE,Hamburg
715,Instagram,2024-01-23,iOS,RU,Kazan
716,Instagram,2024-02-14,iOS,GB,Manchester
717,Instagram,2024-01-09,iOS,US,Chicago
718,Instagram,2024-01-04,Android,GB,Birmingham
719,Instagram,2024-02-06,iOS,GB,Manchester
720,Instagram,2024-01-06,Android,RU,Saint Petersburg
721,Instagram,2024-02-12,iOS,DE,Munich
722,Instagram,2024-01-01,iOS,US,Los Angeles
723,Instagram,2024-01-17,Android,US,Los Angeles
724,Instagram,2024-02-02,Android,GB,Birmingham
725,Instagram,2024-01-04,Android,RU,Moscow
726,Instagram,2024-01-18,iOS,RU,Saint Petersburg
727,Instagram,2024-01-09,Android,RU,Moscow
728,Instagram,2024-02-17,Android,KZ,Shymkent
729,Instagram,2024-02-14,iOS,RU,Moscow
730,Instagram,2024-01-20,Android,GB,Manchester
731,Instagram,2024-01-26,Android,RU,Moscow
732,Instagram,2024-02-03,iOS,KZ,Astana
733,Instagram,2024-01-04,iOS,US,Los Angeles
734,Instagram,2024-01-12,iOS,US,New York
735,Instagram,2024-01-04,Android,DE,Berlin
736,Instagram,2024-02-29,iOS,RU,Saint Petersburg
737,Instagram,2024-01-12,Android,DE,Hamburg
738,Instagram,2024-02-22,iOS,DE,Berlin
739,Instagram,2024-02-18,iOS,GB,Birmingham
740,Instagram,2024-01-30,iOS,US,Chicago
741,Instagram,2024-02-13,iOS,RU,Saint Petersburg
742,Instagram,2024-02-07,Android,US,Los Angeles
743,Instagram,2024-01-29,iOS,KZ,Shymkent
744,Instagram,2024-02-04,iOS,KZ,Almaty
745,Instagram,2024-01-03,iOS,US,Los Angeles
746,Instagram,2024-01-16,iOS,DE,Munich
747,Instagram,2024-02-04,iOS,GB,Birmingham
748,Instagram,2024-01-15,iOS,KZ,Shymkent
749,Instagram,2024-02-19,iOS,US,Los Angeles
750,Instagram,2024-02-26,Android,DE,Berlin
751,Instagram,2024-02-26,Android,RU,Saint Petersburg
752,Instagram,2024-02-21,iOS,RU,Saint Petersburg
753,Instagram,2024-01-27,Android,DE,Hamburg
754,Instagram,2024-02-22,iOS,RU,Saint Petersburg
755,Instagram,2024-02-19,Android,US,Chicago
756,Instagram,2024-01-11,Android,US,Los Angeles
757,Instagram,2024-02-06,iOS,GB,Birmingham
758,Instagram,2024-01-03,iOS,GB,London
759,Instagram,2024-02-09,Android,US,Los Angeles
760,Instagram,2024-02-06,Android,KZ,Astana
761,Instagram,2024-02-24,Android,DE,Munich
762,Instagram,2024-01-27,Android,DE,Berlin
763,Instagram,2024-01-05,Android,KZ,Almaty
764,Instagram,2024-02-13,Android,KZ,Astana
765,Instagram,2024-02-26,Android,GB,Manchester
766,Instagram,2024-01-02,iOS,US,Chicago
767,Instagram,2024-02-14,Android,KZ,Shymkent
768,Instagram,2024-02-09,Android,US,Los Angeles
769,Instagram,2024-01-29,Android,US,New York
770,Instagram,2024-01-30,iOS,RU,Moscow
771,Instagram,2024-02-12,iOS,RU,Saint Petersburg
772,Instagram,2024-01-26,Android,KZ,Astana
773,Instagram,2024-02-17,Android,RU,Saint Petersburg
774,Instagram,2024-01-28,iOS,KZ,Shymkent
775,Instagram,2024-02-23,iOS,DE,Berlin
776,Instagram,2024-01-26,Android,RU,Kazan
777,Instagram,2024-01-13,Android,DE,Munich
778,Instagram,2024-02-25,iOS,GB,Manchester
779,Instagram,2024-01-24,Android,KZ,Almaty
780,Instagram,2024-02-25,Android,RU,Kazan
781,Instagram,2024-02-24,Android,US,New York
782,Instagram,2024-02-14,iOS,GB,Birmingham
783,Instagram,2024-02-03,Android,US,Los Angeles
784,Instagram,2024-02-09,iOS,KZ,Shymkent
785,Instagram,2024-01-25,Android,GB,London
786,Instagram,2024-02-08,Android,RU,Kazan
787,Instagram,2024-02-16,Android,DE,Hamburg
788,Instagram,2024-01-30,Android,DE,Munich
789,Instagram,2024-01-28,Android,DE,Hamburg
790,Instagram,2024-02-04,Android,RU,Saint Petersburg
791,Instagram,2024-01-09,Android,DE,Hamburg
792,Instagram,2024-02-04,iOS,KZ,Shymkent
793,Instagram,2024-02-23,iOS,DE,Berlin
794,Instagram,2024-02-06,Android,RU,Saint Petersburg
795,Instagram,2024-01-31,Android,US,New York
796,Instagram,2024-01-06,Android,RU,Moscow
797,Instagram,2024-01-30,iOS,KZ,Astana
798,Instagram,2024-02-26,Android,US,Los Angeles
799,Instagram,2024-02-22,iOS,GB,Manchester
800,Instagram,2024-01-18,iOS,GB,Manchester
801,Instagram,2024-02-22,Android,US,New York
802,Instagram,2024-01-04,Android,GB,Birmingham
803,Instagram,2024-02-12,Android,US,Los Angeles
804,Instagram,2024-02-09,iOS,DE,Hamburg
805,Instagram,2024-01-04,iOS,DE,Hamburg
806,Instagram,2024-01-03,iOS,RU,Saint Petersburg
807,Instagram,2024-01-06,Android,DE,Berlin
808,Instagram,2024-01-10,iOS,GB,London
809,Instagram,2024-02-27,iOS,US,Chicago
810,Instagram,2024-02-23,iOS,US,Los Angeles
811,Instagram,2024-01-14,Android,US,Chicago
812,Instagram,2024-02-23,iOS,GB,Manchester
813,Instagram,2024-02-25,iOS,RU,Kazan
814,Instagram,2024-01-08,Android,GB,London
815,Instagram,2024-01-31,iOS,KZ,Almaty
816,Instagram,2024-01-13,iOS,GB,Birmingham
817,Instagram,2024-02-06,Android,US,Los Angeles
818,Instagram,2024-01-12,Android,US,Los Angeles
819,Instagram,2024-02-22,iOS,GB,London
820,Instagram,2024-01-25,iOS,GB,Birmingham
821,Instagram,2024-02-10,iOS,KZ,Almaty
822,Instagram,2024-01-27,Android,RU,Kazan
823,Instagram,2024-02-24,iOS,GB,Birmingham
824,Instagram,2024-02-21,iOS,RU,Saint Petersburg
825,Instagram,2024-01-01,iOS,US,Chicago
826,Instagram,2024-01-20,Android,GB,Manchester
827,Instagram,2024-01-16,Android,GB,Birmingham
828,Instagram,2024-02-21,iOS,RU,Saint Petersburg
829,Instagram,2024-02-06,iOS,KZ,Almaty
830,Instagram,2024-02-28,iOS,RU,Kazan
831,Instagram,2024-02-23,iOS,DE,Munich
832,Instagram,2024-01-24,iOS,KZ,Shymkent
833,Instagram,2024-03-01,iOS,DE,Berlin
834,Instagram,2024-01-31,Android,DE,Berlin
835,Instagram,2024-01-08,iOS,KZ,Shymkent
836,Instagram,2024-02-22,Android,KZ,Almaty
837,Instagram,2024-01-18,Android,DE,Berlin
838,Instagram,2024-02-21,Android,KZ,Almaty
839,Instagram,2024-02-23,iOS,RU,Moscow
840,Instagram,2024-02-21,iOS,GB,London
841,Instagram,2024-02-14,iOS,DE,Munich
842,Instagram,2024-02-27,iOS,KZ,Shymkent
843,Instagram,2024-02-06,Android,KZ,Shymkent
844,Instagram,2024-01-16,Android,US,Los Angeles
845,Instagram,2024-02-13,iOS,DE,Hamburg
846,Instagram,2024-01-04,Android,KZ,Almaty
847,Instagram,2024-01-30,Android,DE,Hamburg
848,Instagram,2024-01-08,iOS,DE,Munich
849,Instagram,2024-01-04,Android,RU,Moscow
850,Instagram,2024-01-19,iOS,KZ,Almaty
851,Instagram,2024-02-29,Android,KZ,Shymkent
852,Instagram,2024-01-26,Android,RU,Moscow
853,Instagram,2024-01-31,iOS,DE,Berlin
854,Instagram,2024-01-12,iOS,KZ,Astana
855,Instagram,2024-01-28,Android,US,Los Angeles
856,Instagram,2024-01-08,iOS,DE,Berlin
857,Instagram,2024-01-30,iOS,DE,Berlin
858,Instagram,2024-02-25,iOS,DE,Berlin
859,Instagram,2024-02-16,iOS,GB,Birmingham
860,Instagram,2024-01-16,iOS,GB,Birmingham
861,Instagram,2024-01-28,iOS,DE,Hamburg
862,Instagram,2024-01-14,iOS,US,Los Angeles
863,Instagram,2024-01-26,iOS,KZ,Shymkent
864,Instagram,2024-02-15,iOS,US,New York
865,Instagram,2024-01-08,Android,KZ,Almaty
866,Instagram,2024-01-03,Android,DE,Hamburg
867,Instagram,2024-01-18,Android,US,New York
868,Instagram,2024-01-19,iOS,US,Chicago
869,Instagram,2024-03-01,iOS,US,Chicago
870,Instagram,2024-01-04,Android,RU,Moscow
871,Instagram,2024-02-13,iOS,KZ,Almaty
872,Instagram,2024-02-24,Android,KZ,Almaty
873,Instagram,2024-02-16,iOS,US,Chicago
874,Instagram,2024-01-18,iOS,US,Chicago
875,Instagram,2024-02-29,Android,GB,Birmingham
876,Instagram,2024-02-06,iOS,DE,Berlin
877,Instagram,2024-01-31,Android,US,Los Angeles
878,Instagram,2024-02-10,Android,KZ,Almaty
879,Instagram,2024-01-06,Android,KZ,Astana
880,Instagram,2024-01-03,iOS,US,Los Angeles
881,Instagram,2024-02-09,iOS,RU,Moscow
882,Instagram,2024-03-01,Android,RU,Moscow
883,Instagram,2024-01-15,iOS,KZ,Shymkent
884,Instagram,2024-01-07,iOS,US,Chicago
885,Instagram,2024-02-11,iOS,KZ,Astana
886,Instagram,2024-01-29,iOS,KZ,Astana
887,Instagram,2024-01-26,iOS,DE,Munich
888,Instagram,2024-01-10,iOS,DE,Berlin
889,Instagram,2024-01-18,iOS,RU,Moscow
890,Instagram,2024-02-29,Android,RU,Moscow
891,Instagram,2024-01-04,Android,GB,London
892,Instagram,2024-02-03,Android,DE,Munich
893,Instagram,2024-01-21,iOS,KZ,Almaty
894,Instagram,2024-01-10,iOS,GB,London
895,Instagram,2024-01-30,iOS,KZ,Shymkent
896,Instagram,2024-01-16,iOS,RU,Saint Petersburg
897,Instagram,2024-02-29,Android,US,Chicago
898,Instagram,2024-02-03,Android,GB,Manchester
899,Instagram,2024-02-01,iOS,DE,Munich
900,Instagram,2024-01-25,Android,US,Chicago
901,Instagram,2024-01-26,iOS,US,Los Angeles
902,Instagram,2024-02-06,iOS,GB,Manchester
903,Instagram,2024-02-15,iOS,GB,London
904,Instagram,2024-02-22,Android,DE,Hamburg
905,Instagram,2024-01-04,iOS,GB,Manchester
906,Instagram,2024-02-20,Android,DE,Hamburg
907,Instagram,2024-02-11,iOS,US,Los Angeles
908,Instagram,2024-01-24,iOS,US,Chicago
909,Instagram,2024-02-07,Android,US,Los Angeles
910,Instagram,2024-01-13,iOS,DE,Hamburg
911,Instagram,2024-01-28,iOS,RU,Saint Petersburg
912,Instagram,2024-01-24,Android,GB,Birmingham
913,Instagram,2024-01-14,Android,DE,Hamburg
914,Instagram,2024-02-01,Android,GB,London
915,Instagram,2024-01-28,Android,US,Los Angeles
916,Instagram,2024-01-13,iOS,KZ,Shymkent
917,Instagram,2024-01-22,iOS,RU,Kazan
918,Instagram,2024-01-14,Android,DE,Berlin
919,Instagram,2024-01-01,iOS,KZ,Shymkent
920,Instagram,2024-02-02,iOS,DE,Munich
921,Instagram,2024-01-17,iOS,US,Los Angeles
922,Instagram,2024-02-28,iOS,RU,Kazan
923,Instagram,2024-01-29,Android,GB,Birmingham
924,Instagram,2024-01-13,Android,RU,Moscow
925,Instagram,2024-01-10,iOS,US,Los Angeles
926,Instagram,2024-02-14,iOS,US,New York
927,Instagram,2024-01-03,Android,RU,Kazan
928,Instagram,2024-02-06,iOS,US,Los Angeles
929,Instagram,2024-02-12,iOS,US,New York
930,Instagram,2024-01-09,Android,RU,Kazan
931,Instagram,2024-02-11,iOS,US,Los Angeles
932,Instagram,2024-02-10,iOS,GB,Manchester
933,Instagram,2024-02-25,Android,DE,Munich
934,Instagram,2024-01-03,iOS,US,New York
935,Instagram,2024-02-09,iOS,US,Los Angeles
936,Instagram,2024-02-21,Android,DE,Berlin
937,Instagram,2024-01-20,Android,RU,Kazan
938,Instagram,2024-02-17,iOS,DE,Berlin
939,Instagram,2024-02-28,iOS,RU,Saint Petersburg
940,Instagram,2024-02-16,Android,GB,Birmingham
941,Instagram,2024-01-19,iOS,US,Chicago
942,Instagram,2024-02-02,Android,DE,Berlin
943,Instagram,2024-02-19,iOS,DE,Munich
944,Instagram,2024-02-10,Android,GB,Birmingham
945,Instagram,2024-02-12,iOS,GB,London
946,Instagram,2024-01-16,Android,GB,Manchester
947,Instagram,2024-01-13,iOS,DE,Munich
948,Instagram,2024-01-29,iOS,RU,Kazan
949,Instagram,2024-02-01,iOS,GB,London
950,Instagram,2024-02-21,iOS,KZ,Almaty
951,Instagram,2024-02-15,Android,US,Los Angeles
952,Instagram,2024-02-04,Android,DE,Berlin
953,Instagram,2024-02-22,Android,GB,London
954,Instagram,2024-01-02,Android,GB,Birmingham
955,Instagram,2024-01-28,Android,KZ,Shymkent
956,Instagram,2024-01-10,iOS,RU,Saint Petersburg
957,Instagram,2024-01-22,iOS,KZ,Shymkent
958,Instagram,2024-01-18,iOS,DE,Berlin
959,Instagram,2024-01-09,iOS,KZ,Almaty
960,Instagram,2024-01-17,iOS,RU,Kazan
961,Instagram,2024-01-14,iOS,KZ,Almaty
962,Instagram,2024-02-02,Android,GB,Manchester
963,Instagram,2024-02-12,iOS,US,Los Angeles
964,Instagram,2024-01-05,Android,US,Chicago
965,Instagram,2024-02-14,Android,RU,Moscow
966,Instagram,2024-02-20,iOS,GB,Manchester
967,Instagram,2024-01-20,iOS,US,Los Angeles
968,Instagram,2024-02-06,iOS,GB,Birmingham
969,Instagram,2024-01-30,iOS,GB,Birmingham
970,Instagram,2024-02-04,Android,GB,Manchester
971,Instagram,2024-01-09,Android,DE,Berlin
972,Instagram,2024-01-27,iOS,GB,London
973,Instagram,2024-02-15,iOS,US,Los Angeles
974,Instagram,2024-02-03,iOS,GB,London
975,Instagram,2024-01-28,iOS,DE,Berlin
976,Instagram,2024-02-08,iOS,DE,Berlin
977,Instagram,2024-01-22,iOS,US,New York
978,Instagram,2024-01-12,iOS,US,New York
979,Instagram,2024-02-28,Android,GB,London
980,Instagram,2024-01-16,Android,GB,Manchester
981,Instagram,2024-01-21,Android,RU,Moscow
982,Instagram,2024-02-09,iOS,KZ,Shymkent
983,Instagram,2024-01-02,iOS,US,Los Angeles
984,Instagram,2024-01-02,iOS,KZ,Almaty
985,Instagram,2024-01-30,iOS,DE,Hamburg
986,Instagram,2024-02-25,iOS,RU,Moscow
987,Instagram,2024-02-25,iOS,KZ,Astana
988,Instagram,2024-02-19,iOS,GB,Manchester
989,Instagram,2024-01-21,iOS,KZ,Almaty
990,Instagram,2024-01-27,iOS,GB,Manchester
991,Instagram,2024-01-19,Android,GB,London
992,Instagram,2024-01-26,Android,DE,Berlin
993,Instagram,2024-01-18,Android,DE,Munich
994,Instagram,2024-01-07,Android,RU,Moscow
995,Instagram,2024-01-30,Android,DE,Berlin
996,Instagram,2024-02-28,Android,DE,Hamburg
997,Instagram,2024-01-14,Android,GB,London
998,Instagram,2024-02-23,Android,DE,Munich
999,Instagram,2024-02-29,iOS,GB,Birmingham
1000,Instagram,2024-01-23,iOS,GB,London
1001,Instagram,2024-01-05,iOS,DE,Hamburg
1002,Instagram,2024-02-16,Android,KZ,Astana
1003,Instagram,2024-02-05,Android,KZ,Astana
1004,Instagram,2024-01-21,Android,KZ,Shymkent
1005,Instagram,2024-02-17,iOS,KZ,Astana
1006,Instagram,2024-01-07,iOS,RU,Saint Petersburg
1007,Instagram,2024-01-06,Android,RU,Moscow
1008,Instagram,2024-01-09,iOS,KZ,Almaty
1009,Instagram,2024-02-23,Android,GB,Birmingham
1010,Instagram,2024-02-10,iOS,DE,Munich
1011,Instagram,2024-01-11,Android,DE,Hamburg
1012,Instagram,2024-02-08,Android,DE,Munich
1013,Instagram,2024-01-03,Android,KZ,Astana
1014,Instagram,2024-01-01,Android,KZ,Almaty
1015,Instagram,2024-02-29,Android,RU,Moscow
1016,Instagram,2024-01-01,Android,DE,Berlin
1017,Instagram,2024-02-02,iOS,US,New York
1018,Instagram,2024-02-07,Android,RU,Moscow
1019,Instagram,2024-02-16,iOS,RU,Kazan
1020,Instagram,2024-01-30,iOS,US,New York
1021,Instagram,2024-02-19,Android,KZ,Almaty
1022,Instagram,2024-01-18,iOS,RU,Moscow
1023,Instagram,2024-02-05,iOS,GB,Manchester
1024,Instagram,2024-01-28,Android,KZ,Astana
1025,Instagram,2024-01-26,Android,GB,London
1026,Instagram,2024-01-28,iOS,DE,Hamburg
1027,Instagram,2024-02-03,Android,KZ,Almaty
1028,Instagram,2024-02-03,iOS,US,Los Angeles
1029,Instagram,2024-02-11,Android,DE,Hamburg
1030,Instagram,2024-02-14,iOS,DE,Munich
1031,Instagram,2024-02-07,Android,RU,Moscow
1032,Instagram,2024-02-09,iOS,RU,Kazan
1033,Instagram,2024-02-17,iOS,KZ,Astana
1034,Instagram,2024-02-15,iOS,RU,Kazan
1035,Instagram,2024-01-31,Android,US,New York
1036,Instagram,2024-01-17,Android,RU,Kazan
1037,Instagram,2024-01-01,iOS,US,Los Angeles
1038,Instagram,2024-02-21,Android,RU,Moscow
1039,Instagram,2024-02-10,iOS,RU,Moscow
1040,Instagram,2024-01-04,Android,DE,Hamburg
1041,Instagram,2024-02-22,Android,DE,Berlin
1042,Instagram,2024-01-26,iOS,US,New York
1043,Instagram,2024-01-09,Android,GB,Manchester
1044,Instagram,2024-01-23,iOS,US,Los Angeles
1045,Instagram,2024-02-16,Android,GB,London
1046,Instagram,2024-02-22,Android,US,Los Angeles
1047,Instagram,2024-02-24,iOS,DE,Berlin
1048,Instagram,2024-02-16,Android,GB,London
1049,Instagram,2024-01-15,iOS,KZ,Almaty
1050,Instagram,2024-02-10,Android,GB,Manchester
1051,Instagram,2024-02-24,Android,RU,Kazan
1052,Instagram,2024-01-20,Android,KZ,Shymkent
1053,Instagram,2024-01-06,Android,GB,Birmingham
1054,Instagram,2024-02-15,iOS,RU,Saint Petersburg
1055,Instagram,2024-01-21,iOS,GB,Birmingham
1056,Instagram,2024-02-21,Android,DE,Munich
1057,Instagram,2024-02-07,iOS,DE,Berlin
1058,Instagram,2024-02-03,iOS,GB,Manchester
1059,Instagram,2024-01-11,Android,DE,Munich
1060,Instagram,2024-02-23,iOS,DE,Hamburg
1061,Instagram,2024-02-27,Android,US,New York
1062,Instagram,2024-01-28,Android,KZ,Astana
1063,Instagram,2024-01-01,iOS,GB,Birmingham
1064,Instagram,2024-02-22,Android,US,Chicago
1065,Instagram,2024-01-23,iOS,KZ,Shymkent
1066,Instagram,2024-01-20,Android,GB,London
1067,Instagram,2024-01-06,iOS,US,New York
1068,Instagram,2024-01-25,iOS,US,New York
1069,Instagram,2024-02-04,Android,GB,Birmingham
1070,Instagram,2024-02-14,iOS,GB,Birmingham
1071,Instagram,2024-02-16,iOS,DE,Munich
1072,Instagram,2024-02-22,Android,DE,Berlin
1073,Instagram,2024-01-26,iOS,KZ,Shymkent
1074,Instagram,2024-02-29,iOS,KZ,Shymkent
1075,Instagram,2024-02-25,Android,US,Chicago
1076,Instagram,2024-01-29,Android,KZ,Shymkent
1077,Instagram,2024-01-19,iOS,KZ,Shymkent
1078,Instagram,2024-01-16,Android,DE,Hamburg
1079,Instagram,2024-02-21,Android,US,Chicago
1080,Instagram,2024-02-06,iOS,US,Los Angeles
1081,Instagram,2024-01-19,Android,KZ,Almaty
1082,Instagram,2024-01-19,Android,RU,Moscow
1083,Instagram,2024-01-14,Android,DE,Berlin
1084,Instagram,2024-01-30,Android,DE,Hamburg
1085,Instagram,2024-02-06,iOS,RU,Moscow
1086,Instagram,2024-01-23,iOS,US,Los Angeles
1087,Instagram,2024-02-19,Android,GB,London
1088,Instagram,2024-02-21,Android,DE,Munich
1089,Instagram,2024-01-29,iOS,RU,Kazan
1090,Instagram,2024-01-08,iOS,KZ,Shymkent
1091,Instagram,2024-02-08,iOS,KZ,Astana
1092,Instagram,2024-01-29,iOS,US,New York
1093,Instagram,2024-01-11,iOS,DE,Hamburg
1094,Instagram,2024-01-07,Android,US,New York
1095,Instagram,2024-01-29,Android,US,Los Angeles
1096,Instagram,2024-02-04,iOS,KZ,Astana
1097,Instagram,2024-02-05,iOS,GB,Manchester
1098,Instagram,2024-01-06,iOS,RU,Moscow
1099,Instagram,2024-01-29,Android,RU,Kazan
1100,Instagram,2024-02-03,Android,GB,London
1101,Instagram,2024-01-07,Android,RU,Saint Petersburg
1102,Instagram,2024-02-18,Android,GB,Manchester
1103,Instagram,2024-01-31,Android,KZ,Astana
1104,Instagram,2024-01-06,iOS,GB,Manchester
1105,Instagram,2024-01-09,iOS,US,New York
1106,Instagram,2024-01-05,Android,GB,Manchester
1107,Instagram,2024-01-29,Android,US,Los Angeles
1108,Instagram,2024-02-21,iOS,DE,Berlin
1109,Instagram,2024-01-14,Android,DE,Berlin
1110,Instagram,2024-01-28,Android,GB,London
1111,Instagram,2024-02-22,iOS,DE,Berlin
1112,Instagram,2024-01-25,Android,KZ,Shymkent
1113,Instagram,2024-02-04,Android,KZ,Shymkent
1114,Instagram,2024-02-25,iOS,RU,Kazan
1115,Instagram,2024-02-24,Android,GB,Birmingham
1116,Instagram,2024-01-28,iOS,KZ,Shymkent
1117,Instagram,2024-02-03,iOS,US,Chicago
1118,Instagram,2024-01-26,Android,KZ,Astana
1119,Instagram,2024-01-20,Android,RU,Moscow
1120,Instagram,2024-02-21,iOS,KZ,Astana
1121,Instagram,2024-02-01,iOS,RU,Saint Petersburg
1122,Instagram,2024-02-18,Android,US,Los Angeles
1123,Instagram,2024-01-04,iOS,GB,London
1124,Instagram,2024-01-10,iOS,KZ,Almaty
1125,Instagram,2024-01-14,iOS,US,New York
1126,Instagram,2024-02-10,iOS,DE,Munich
1127,Instagram,2024-01-22,Android,RU,Moscow
1128,Instagram,2024-01-03,Android,GB,Birmingham
1129,Instagram,2024-01-08,Android,US,New York
1130,Instagram,2024-01-04,iOS,DE,Berlin
1131,Instagram,2024-02-15,iOS,RU,Moscow
1132,Instagram,2024-01-16,iOS,DE,Hamburg
1133,Instagram,2024-02-28,iOS,GB,London
1134,Instagram,2024-02-11,Android,GB,Birmingham
1135,Instagram,2024-02-05,Android,US,Los Angeles
1136,Instagram,2024-02-10,iOS,DE,Berlin
1137,Instagram,2024-01-26,Android,US,Chicago
1138,Instagram,2024-01-22,Android,RU,Moscow
1139,Instagram,2024-01-16,Android,GB,Manchester
1140,Instagram,2024-01-12,Android,US,Chicago
1141,Instagram,2024-02-25,Android,GB,Birmingham
1142,Instagram,2024-02-18,iOS,RU,Moscow
1143,Instagram,2024-01-12,Android,GB,Manchester
1144,Instagram,2024-02-08,iOS,RU,Kazan
1145,Instagram,2024-02-17,Android,DE,Hamburg
1146,Instagram,2024-01-13,iOS,RU,Moscow
1147,Instagram,2024-01-23,Android,KZ,Almaty
1148,Instagram,2024-01-17,iOS,RU,Kazan
1149,Instagram,2024-02-05,iOS,GB,London
1150,Instagram,2024-02-16,iOS,US,New York
1151,Instagram,2024-02-05,iOS,US,New York
1152,Instagram,2024-01-05,Android,GB,Manchester
1153,Instagram,2024-02-01,Android,GB,Manchester
1154,Instagram,2024-01-15,Android,US,New York
1155,Instagram,2024-02-02,iOS,DE,Munich
1156,Instagram,2024-02-06,iOS,KZ,Astana
1157,Instagram,2024-01-14,iOS,DE,Munich
1158,Instagram,2024-02-04,iOS,KZ,Astana
1159,Instagram,2024-01-04,iOS,DE,Berlin
1160,Instagram,2024-01-29,Android,GB,Birmingham
1161,Instagram,2024-02-17,iOS,RU,Moscow
1162,Instagram,2024-01-04,Android,GB,London
1163,Instagram,2024-02-11,Android,KZ,Almaty
1164,Instagram,2024-01-13,iOS,RU,Kazan
1165,Instagram,2024-01-06,iOS,GB,London
1166,Instagram,2024-02-28,iOS,US,New York
1167,Instagram,2024-01-22,Android,US,New York
1168,Instagram,2024-01-03,Android,US,New York
1169,Instagram,2024-01-11,iOS,US,New York
1170,Instagram,2024-01-17,iOS,KZ,Astana
1171,Instagram,2024-02-24,iOS,KZ,Almaty
1172,Instagram,2024-01-30,iOS,US,Chicago
1173,Instagram,2024-02-20,iOS,GB,Manchester
1174,Instagram,2024-01-20,iOS,US,New York
1175,Instagram,2024-01-23,iOS,DE,Munich
1176,Instagram,2024-01-08,iOS,KZ,Astana
1177,Instagram,2024-01-07,Android,GB,London
1178,Instagram,2024-02-21,iOS,GB,London
1179,Instagram,2024-01-26,Android,DE,Berlin
1180,Instagram,2024-01-14,Android,KZ,Astana
1181,Instagram,2024-01-24,iOS,GB,London
1182,Instagram,2024-01-03,iOS,KZ,Shymkent
1183,Instagram,2024-01-17,Android,RU,Kazan
1184,Instagram,2024-01-16,iOS,RU,Moscow
1185,Instagram,2024-02-07,iOS,DE,Munich
1186,Instagram,2024-02-10,iOS,RU,Kazan
1187,Instagram,2024-01-15,Android,US,New York
1188,Instagram,2024-01-15,Android,RU,Kazan
1189,Instagram,2024-01-19,iOS,RU,Saint Petersburg
1190,Instagram,2024-01-05,Android,RU,Kazan
1191,Instagram,2024-02-13,Android,KZ,Shymkent
1192,Instagram,2024-01-11,iOS,KZ,Almaty
1193,Instagram,2024-02-20,Android,DE,Berlin
1194,Instagram,2024-01-08,iOS,KZ,Astana
1195,Instagram,2024-02-04,iOS,DE,Berlin
1196,Instagram,2024-02-01,Android,DE,Hamburg
1197,Instagram,2024-02-15,Android,GB,Manchester
1198,Instagram,2024-01-10,Android,GB,Birmingham
1199,Instagram,2024-01-22,Android,DE,Berlin
1200,Instagram,2024-02-20,Android,KZ,Astana
1201,Google Ads,2024-02-16,iOS,US,Chicago
1202,Google Ads,2024-01-23,Android,RU,Kazan
1203,Google Ads,2024-01-29,Android,GB,Manchester
1204,Google Ads,2024-01-09,Android,RU,Saint Petersburg
1205,Google Ads,2024-01-28,Android,RU,Kazan
1206,Google Ads,2024-01-08,iOS,GB,Manchester
1207,Google Ads,2024-01-27,iOS,DE,Munich
1208,Google Ads,2024-01-13,iOS,RU,Moscow
1209,Google Ads,2024-01-19,Android,RU,Kazan
1210,Google Ads,2024-01-04,iOS,US,Los Angeles
1211,Google Ads,2024-01-10,iOS,KZ,Almaty
1212,Google Ads,2024-01-24,iOS,KZ,Astana
1213,Google Ads,2024-01-22,Android,GB,Birmingham
1214,Google Ads,2024-01-15,iOS,US,Chicago
1215,Google Ads,2024-01-26,Android,US,Chicago
1216,Google Ads,2024-01-16,iOS,DE,Berlin
1217,Google Ads,2024-01-24,iOS,KZ,Astana
1218,Google Ads,2024-02-14,Android,US,New York
1219,Google Ads,2024-02-22,Android,RU,Saint Petersburg
1220,Google Ads,2024-02-17,iOS,KZ,Shymkent
1221,Google Ads,2024-01-16,iOS,RU,Saint Petersburg
1222,Google Ads,2024-01-24,iOS,RU,Saint Petersburg
1223,Google Ads,2024-01-18,Android,US,Los Angeles
1224,Google Ads,2024-02-04,iOS,US,New York
1225,Google Ads,2024-02-28,Android,DE,Hamburg
1226,Google Ads,2024-01-22,Android,KZ,Almaty
1227,Google Ads,2024-01-06,Android,US,New York
1228,Google Ads,2024-01-25,iOS,US,New York
1229,Google Ads,2024-02-15,Android,GB,Manchester
1230,Google Ads,2024-02-27,Android,US,Los Angeles
1231,Google Ads,2024-02-16,iOS,US,Los Angeles
1232,Google Ads,2024-01-14,Android,DE,Berlin
1233,Google Ads,2024-01-05,iOS,DE,Hamburg
1234,Google Ads,2024-02-05,iOS,US,New York
1235,Google Ads,2024-02-27,iOS,GB,Birmingham
1236,Google Ads,2024-01-17,Android,RU,Saint Petersburg
1237,Google Ads,2024-01-01,iOS,GB,London
1238,Google Ads,2024-01-22,iOS,GB,London
1239,Google Ads,2024-01-24,iOS,GB,Birmingham
1240,Google Ads,2024-02-07,iOS,RU,Saint Petersburg
1241,Google Ads,2024-02-04,Android,RU,Moscow
1242,Google Ads,2024-02-14,Android,US,New York
1243,Google Ads,2024-01-20,iOS,US,Los Angeles
1244,Google Ads,2024-02-12,iOS,GB,Birmingham
1245,Google Ads,2024-02-24,Android,KZ,Almaty
1246,Google Ads,2024-01-10,iOS,DE,Berlin
1247,Google Ads,2024-02-09,Android,KZ,Almaty
1248,Google Ads,2024-02-22,iOS,KZ,Astana
1249,Google Ads,2024-01-07,Android,KZ,Astana
1250,Google Ads,2024-01-09,iOS,US,New York
1251,Google Ads,2024-01-10,Android,RU,Saint Petersburg
1252,Google Ads,2024-02-08,iOS,KZ,Astana
1253,Google Ads,2024-01-21,Android,RU,Kazan
1254,Google Ads,2024-01-30,iOS,RU,Kazan
1255,Google Ads,2024-01-10,iOS,DE,Berlin
1256,Google Ads,2024-01-15,iOS,RU,Kazan
1257,Google Ads,2024-02-03,iOS,DE,Berlin
1258,Google Ads,2024-01-14,iOS,RU,Moscow
1259,Google Ads,2024-02-23,Android,KZ,Almaty
1260,Google Ads,2024-02-03,iOS,DE,Berlin
1261,Google Ads,2024-01-13,Android,US,Los Angeles
1262,Google Ads,2024-02-04,iOS,GB,Manchester
1263,Google Ads,2024-01-24,iOS,KZ,Almaty
1264,Google Ads,2024-01-23,iOS,US,New York
1265,Google Ads,2024-02-10,Android,DE,Berlin
1266,Google Ads,2024-01-30,iOS,DE,Berlin
1267,Google Ads,2024-01-08,Android,GB,Manchester
1268,Google Ads,2024-02-03,Android,RU,Saint Petersburg
1269,Google Ads,2024-01-17,iOS,KZ,Almaty
1270,Google Ads,2024-02-04,Android,DE,Hamburg
1271,Google Ads,2024-02-19,iOS,KZ,Almaty
1272,Google Ads,2024-01-02,iOS,US,Chicago
1273,Google Ads,2024-02-11,iOS,DE,Berlin
1274,Google Ads,2024-01-24,iOS,US,Chicago
1275,Google Ads,2024-01-23,Android,GB,Manchester
1276,Google Ads,2024-01-14,Android,KZ,Astana
1277,Google Ads,2024-02-28,iOS,US,Chicago
1278,Google Ads,2024-01-30,iOS,KZ,Shymkent
1279,Google Ads,2024-02-17,iOS,KZ,Shymkent
1280,Google Ads,2024-01-08,Android,RU,Saint Petersburg
1281,Google Ads,2024-01-24,Android,KZ,Almaty
1282,Google Ads,2024-01-05,iOS,GB,Manchester
1283,Google Ads,2024-01-05,Android,GB,Manchester
1284,Google Ads,2024-01-17,Android,US,Chicago
1285,Google Ads,2024-02-03,iOS,RU,Kazan
1286,Google Ads,2024-02-10,iOS,US,Chicago
1287,Google Ads,2024-01-24,Android,DE,Munich
1288,Google Ads,2024-02-07,Android,DE,Berlin
1289,Google Ads,2024-02-10,iOS,DE,Hamburg
1290,Google Ads,2024-01-02,Android,KZ,Almaty
1291,Google Ads,2024-01-19,iOS,US,Los Angeles
1292,Google Ads,2024-01-12,iOS,US,Chicago
1293,Google Ads,2024-01-31,iOS,US,Chicago
1294,Google Ads,2024-02-27,iOS,US,New York
1295,Google Ads,2024-01-23,Android,DE,Munich
1296,Google Ads,2024-01-07,Android,GB,Manchester
1297,Google Ads,2024-01-05,Android,RU,Kazan
1298,Google Ads,2024-01-17,Android,US,New York
1299,Google Ads,2024-01-22,Android,US,Los Angeles
1300,Google Ads,2024-01-28,Android,KZ,Almaty
1301,Google Ads,2024-01-23,iOS,GB,Manchester
1302,Google Ads,2024-02-10,iOS,KZ,Astana
1303,Google Ads,2024-02-29,Android,GB,London
1304,Google Ads,2024-01-15,Android,RU,Kazan
1305,Google Ads,2024-01-30,iOS,DE,Hamburg
1306,Google Ads,2024-02-16,iOS,US,New York
1307,Google Ads,2024-02-11,Android,KZ,Shymkent
1308,Google Ads,2024-02-07,iOS,KZ,Astana
1309,Google Ads,2024-01-18,Android,GB,Birmingham
1310,Google Ads,2024-01-21,iOS,RU,Saint Petersburg
1311,Google Ads,2024-01-05,iOS,GB,Manchester
1312,Google Ads,2024-01-21,iOS,US,Los Angeles
1313,Google Ads,2024-02-02,iOS,US,New York
1314,Google Ads,2024-01-31,iOS,RU,Moscow
1315,Google Ads,2024-02-27,Android,RU,Saint Petersburg
1316,Google Ads,2024-01-30,iOS,KZ,Shymkent
1317,Google Ads,2024-02-18,iOS,GB,Manchester
1318,Google Ads,2024-01-01,iOS,US,New York
1319,Google Ads,2024-02-19,iOS,KZ,Astana
1320,Google Ads,2024-02-15,Android,GB,Birmingham
1321,Google Ads,2024-02-26,Android,DE,Munich
1322,Google Ads,2024-01-13,Android,US,Chicago
1323,Google Ads,2024-02-25,iOS,DE,Munich
1324,Google Ads,2024-01-11,Android,US,New York
1325,Google Ads,2024-01-26,iOS,DE,Munich
1326,Google Ads,2024-01-19,Android,RU,Saint Petersburg
1327,Google Ads,2024-02-24,iOS,DE,Berlin
1328,Google Ads,2024-02-28,iOS,DE,Berlin
1329,Google Ads,2024-01-03,Android,US,Chicago
1330,Google Ads,2024-02-06,iOS,DE,Munich
1331,Google Ads,2024-01-21,iOS,GB,Manchester
1332,Google Ads,2024-01-11,iOS,DE,Hamburg
1333,Google Ads,2024-01-12,Android,GB,Birmingham
1334,Google Ads,2024-02-01,iOS,DE,Hamburg
1335,Google Ads,2024-01-25,Android,GB,Birmingham
1336,Google Ads,2024-02-09,iOS,KZ,Almaty
1337,Google Ads,2024-02-29,Android,KZ,Shymkent
1338,Google Ads,2024-02-13,iOS,GB,Manchester
1339,Google Ads,2024-01-20,Android,RU,Kazan
1340,Google Ads,2024-02-16,iOS,US,New York
1341,Google Ads,2024-02-22,Android,US,Los Angeles
1342,Google Ads,2024-02-16,iOS,RU,Kazan
1343,Google Ads,2024-01-31,Android,GB,Birmingham
1344,Google Ads,2024-01-02,iOS,US,Los Angeles
1345,Google Ads,2024-01-11,iOS,GB,Manchester
1346,Google Ads,2024-01-14,Android,KZ,Shymkent
1347,Google Ads,2024-02-01,Android,KZ,Astana
1348,Google Ads,2024-02-16,iOS,KZ,Astana
1349,Google Ads,2024-02-01,iOS,DE,Hamburg
1350,Google Ads,2024-02-14,iOS,GB,London
1351,Google Ads,2024-02-22,iOS,DE,Berlin
1352,Google Ads,2024-02-06,iOS,KZ,Astana
1353,Google Ads,2024-01-26,iOS,KZ,Almaty
1354,Google Ads,2024-02-07,iOS,US,Chicago
1355,Google Ads,2024-01-09,iOS,GB,Birmingham
1356,Google Ads,2024-01-08,Android,US,Chicago
1357,Google Ads,2024-01-19,iOS,GB,Manchester
1358,Google Ads,2024-02-06,Android,KZ,Astana
1359,Google Ads,2024-01-05,iOS,US,Chicago
1360,Google Ads,2024-01-12,Android,GB,Manchester
1361,Google Ads,2024-01-12,iOS,GB,Manchester
1362,Google Ads,2024-02-24,iOS,DE,Berlin
1363,Google Ads,2024-01-14,Android,DE,Hamburg
1364,Google Ads,2024-01-26,Android,GB,Manchester
1365,Google Ads,2024-02-07,Android,GB,London
1366,Google Ads,2024-01-08,iOS,RU,Saint Petersburg
1367,Google Ads,2024-02-11,Android,KZ,Shymkent
1368,Google Ads,2024-02-28,Android,DE,Berlin
1369,Google Ads,2024-01-04,iOS,DE,Berlin
1370,Google Ads,2024-01-16,Android,DE,Berlin
1371,Google Ads,2024-02-24,iOS,GB,Birmingham
1372,Google Ads,2024-01-20,Android,KZ,Almaty
1373,Google Ads,2024-02-22,Android,RU,Kazan
1374,Google Ads,2024-01-09,iOS,DE,Munich
1375,Google Ads,2024-02-01,iOS,KZ,Shymkent
1376,Google Ads,2024-01-16,iOS,KZ,Astana
1377,Google Ads,2024-02-14,Android,DE,Munich
1378,Google Ads,2024-02-14,iOS,DE,Berlin
1379,Google Ads,2024-01-04,Android,KZ,Astana
1380,Google Ads,2024-01-27,iOS,US,Los Angeles
1381,Google Ads,2024-02-03,iOS,US,Chicago
1382,Google Ads,2024-02-14,iOS,RU,Saint Petersburg
1383,Google Ads,2024-02-27,Android,RU,Saint Petersburg
1384,Google Ads,2024-02-26,iOS,US,Chicago
1385,Google Ads,2024-03-01,Android,KZ,Shymkent
1386,Google Ads,2024-02-16,Android,GB,London
1387,Google Ads,2024-01-25,Android,US,New York
1388,Google Ads,2024-02-05,Android,RU,Moscow
1389,Google Ads,2024-02-02,Android,GB,Manchester
1390,Google Ads,2024-02-17,Android,GB,Manchester
1391,Google Ads,2024-02-04,Android,KZ,Astana
1392,Google Ads,2024-02-08,Android,US,Chicago
1393,Google Ads,2024-02-05,Android,RU,Saint Petersburg
1394,Google Ads,2024-01-03,iOS,KZ,Shymkent
1395,Google Ads,2024-01-14,Android,US,Los Angeles
1396,Google Ads,2024-01-04,Android,RU,Saint Petersburg
1397,Google Ads,2024-01-15,iOS,DE,Hamburg
1398,Google Ads,2024-01-06,iOS,KZ,Almaty
1399,Google Ads,2024-01-13,iOS,GB,Manchester
1400,Google Ads,2024-02-21,iOS,US,New York
1401,Google Ads,2024-01-16,Android,KZ,Astana
1402,Google Ads,2024-02-27,iOS,US,Chicago
1403,Google Ads,2024-01-02,Android,US,New York
1404,Google Ads,2024-01-13,Android,KZ,Shymkent
1405,Google Ads,2024-01-05,iOS,US,Chicago
1406,Google Ads,2024-01-21,iOS,US,Los Angeles
1407,Google Ads,2024-01-01,Android,GB,Manchester
1408,Google Ads,2024-02-09,iOS,DE,Hamburg
1409,Google Ads,2024-01-03,iOS,RU,Saint Petersburg
1410,Google Ads,2024-01-23,Android,KZ,Astana
1411,Google Ads,2024-02-03,iOS,DE,Munich
1412,Google Ads,2024-01-31,iOS,RU,Kazan
1413,Google Ads,2024-02-07,iOS,US,New York
1414,Google Ads,2024-01-26,iOS,DE,Berlin
1415,Google Ads,2024-01-16,Android,RU,Kazan
1416,Google Ads,2024-02-13,Android,RU,Saint Petersburg
1417,Google Ads,2024-01-30,iOS,RU,Moscow
1418,Google Ads,2024-02-27,Android,RU,Kazan
1419,Google Ads,2024-01-03,iOS,GB,Manchester
1420,Google Ads,2024-03-01,Android,GB,Birmingham
1421,Google Ads,2024-01-01,Android,US,Chicago
1422,Google Ads,2024-01-05,Android,DE,Berlin
1423,Google Ads,2024-02-16,Android,KZ,Astana
1424,Google Ads,2024-02-07,Android,RU,Kazan
1425,Google Ads,2024-02-14,Android,RU,Moscow
1426,Google Ads,2024-02-23,Android,RU,Kazan
1427,Google Ads,2024-02-03,Android,DE,Munich
1428,Google Ads,2024-02-29,iOS,GB,Birmingham
1429,Google Ads,2024-02-19,iOS,DE,Munich
1430,Google Ads,2024-01-16,iOS,KZ,Almaty
1431,Google Ads,2024-01-20,iOS,US,New York
1432,Google Ads,2024-02-07,Android,KZ,Astana
1433,Google Ads,2024-01-05,iOS,RU,Moscow
1434,Google Ads,2024-01-23,Android,RU,Saint Petersburg
1435,Google Ads,2024-01-14,Android,RU,Kazan
1436,Google Ads,2024-02-19,iOS,RU,Saint Petersburg
1437,Google Ads,2024-01-12,iOS,RU,Kazan
1438,Google Ads,2024-02-19,iOS,GB,Manchester
1439,Google Ads,2024-01-25,Android,RU,Kazan
1440,Google Ads,2024-02-12,Android,DE,Munich
1441,Google Ads,2024-02-09,iOS,GB,Birmingham
1442,Google Ads,2024-01-13,Android,DE,Munich
1443,Google Ads,2024-02-11,Android,GB,Birmingham
1444,Google Ads,2024-01-08,Android,DE,Hamburg
1445,Google Ads,2024-01-17,Android,GB,Manchester
1446,Google Ads,2024-01-22,iOS,US,New York
1447,Google Ads,2024-02-22,Android,GB,Manchester
1448,Google Ads,2024-01-03,iOS,KZ,Shymkent
1449,Google Ads,2024-01-25,iOS,GB,Manchester
1450,Google Ads,2024-02-20,Android,GB,Manchester
1451,Google Ads,2024-01-27,Android,US,New York
1452,Google Ads,2024-02-06,iOS,GB,London
1453,Google Ads,2024-01-09,Android,US,New York
1454,Google Ads,2024-02-03,iOS,RU,Moscow
1455,Google Ads,2024-01-10,Android,US,New York
1456,Google Ads,2024-01-15,iOS,DE,Hamburg
1457,Google Ads,2024-01-22,iOS,DE,Munich
1458,Google Ads,2024-01-06,Android,DE,Munich
1459,Google Ads,2024-01-03,iOS,RU,Saint Petersburg
1460,Google Ads,2024-01-19,iOS,RU,Kazan
1461,Google Ads,2024-02-26,iOS,GB,London
1462,Google Ads,2024-01-24,iOS,RU,Moscow
1463,Google Ads,2024-01-06,Android,GB,Manchester
1464,Google Ads,2024-01-02,iOS,RU,Moscow
1465,Google Ads,2024-02-18,Android,US,Los Angeles
1466,Google Ads,2024-01-14,iOS,GB,London
1467,Google Ads,2024-02-01,Android,US,Chicago
1468,Google Ads,2024-01-14,Android,RU,Saint Petersburg
1469,Google Ads,2024-01-15,Android,US,Chicago
1470,Google Ads,2024-01-30,iOS,DE,Munich
1471,Google Ads,2024-02-06,iOS,US,Chicago
1472,Google Ads,2024-02-22,Android,GB,London
1473,Google Ads,2024-02-11,Android,US,New York
1474,Google Ads,2024-01-11,iOS,RU,Saint Petersburg
1475,Google Ads,2024-01-19,Android,RU,Kazan
1476,Google Ads,2024-02-19,iOS,RU,Moscow
1477,Google Ads,2024-02-20,iOS,GB,London
1478,Google Ads,2024-01-12,iOS,US,Chicago
1479,Google Ads,2024-01-16,Android,US,Chicago
1480,Google Ads,2024-01-21,iOS,US,Chicago
1481,Google Ads,2024-01-26,iOS,DE,Hamburg
1482,Google Ads,2024-02-14,iOS,GB,Birmingham
1483,Google Ads,2024-01-08,iOS,RU,Saint Petersburg
1484,Google Ads,2024-02-21,iOS,RU,Moscow
1485,Google Ads,2024-02-15,iOS,RU,Kazan
1486,Google Ads,2024-01-18,iOS,DE,Berlin
1487,Google Ads,2024-02-14,Android,GB,London
1488,Google Ads,2024-02-24,Android,RU,Moscow
1489,Google Ads,2024-02-27,iOS,GB,Birmingham
1490,Google Ads,2024-02-25,iOS,KZ,Astana
1491,Google Ads,2024-02-20,Android,GB,Manchester
1492,Google Ads,2024-01-14,iOS,US,Chicago
1493,Google Ads,2024-02-28,iOS,GB,Birmingham
1494,Google Ads,2024-02-11,iOS,US,Chicago
1495,Google Ads,2024-01-12,iOS,RU,Moscow
1496,Google Ads,2024-01-30,Android,DE,Munich
1497,Google Ads,2024-02-27,iOS,GB,Birmingham
1498,Google Ads,2024-01-05,iOS,GB,London
1499,Google Ads,2024-01-04,iOS,GB,Birmingham
1500,Google Ads,2024-02-19,iOS,US,Los Angeles
1501,Google Ads,2024-02-22,Android,DE,Munich
1502,Google Ads,2024-02-29,Android,DE,Berlin
1503,Google Ads,2024-02-04,iOS,RU,Kazan
1504,Google Ads,2024-01-18,iOS,DE,Hamburg
1505,Google Ads,2024-01-15,iOS,GB,Birmingham
1506,Google Ads,2024-02-05,Android,KZ,Shymkent
1507,Google Ads,2024-01-06,iOS,GB,Manchester
1508,Google Ads,2024-01-11,Android,US,Los Angeles
1509,Google Ads,2024-01-08,iOS,DE,Munich
1510,Google Ads,2024-01-27,iOS,KZ,Almaty
1511,Google Ads,2024-01-23,iOS,RU,Moscow
1512,Google Ads,2024-01-25,Android,US,Chicago
1513,Google Ads,2024-01-06,iOS,KZ,Almaty
1514,Google Ads,2024-02-12,Android,DE,Munich
1515,Google Ads,2024-01-14,iOS,KZ,Astana
1516,Google Ads,2024-02-19,iOS,GB,Birmingham
1517,Google Ads,2024-01-30,Android,DE,Hamburg
1518,Google Ads,2024-01-06,iOS,US,New York
1519,Google Ads,2024-02-24,Android,US,Chicago
1520,Google Ads,2024-01-11,iOS,US,Chicago
1521,Google Ads,2024-01-10,Android,GB,London
1522,Google Ads,2024-01-21,iOS,RU,Kazan
1523,Google Ads,2024-01-22,Android,RU,Kazan
1524,Google Ads,2024-02-03,iOS,DE,Hamburg
1525,Google Ads,2024-02-20,Android,DE,Munich
1526,Google Ads,2024-02-04,iOS,RU,Saint Petersburg
1527,Google Ads,2024-02-11,Android,US,Los Angeles
1528,Google Ads,2024-01-07,Android,RU,Kazan
1529,Google Ads,2024-02-13,Android,GB,Manchester
1530,Google Ads,2024-02-29,iOS,DE,Berlin
1531,Google Ads,2024-02-08,iOS,DE,Munich
1532,Google Ads,2024-02-14,iOS,DE,Munich
1533,Google Ads,2024-01-19,Android,DE,Hamburg
1534,Google Ads,2024-02-08,Android,DE,Berlin
1535,Google Ads,2024-01-29,iOS,DE,Hamburg
1536,Google Ads,2024-01-13,iOS,KZ,Astana
1537,Google Ads,2024-02-15,iOS,DE,Berlin
1538,Google Ads,2024-02-08,Android,RU,Kazan
1539,Google Ads,2024-01-16,iOS,RU,Saint Petersburg
1540,Google Ads,2024-01-20,iOS,KZ,Shymkent
1541,Google Ads,2024-02-27,Android,US,Los Angeles
1542,Google Ads,2024-01-31,iOS,US,Los Angeles
1543,Google Ads,2024-01-20,iOS,GB,Birmingham
1544,Google Ads,2024-02-27,Android,KZ,Astana
1545,Google Ads,2024-01-06,Android,GB,Manchester
1546,Google Ads,2024-01-11,iOS,GB,Manchester
1547,Google Ads,2024-01-20,iOS,US,Chicago
1548,Google Ads,2024-01-11,iOS,DE,Berlin
1549,Google Ads,2024-02-24,iOS,DE,Berlin
1550,Google Ads,2024-02-26,Android,KZ,Shymkent
1551,Google Ads,2024-01-20,Android,US,Chicago
1552,Google Ads,2024-01-09,iOS,DE,Hamburg
1553,Google Ads,2024-01-08,iOS,KZ,Shymkent
1554,Google Ads,2024-01-07,Android,US,Los Angeles
1555,Google Ads,2024-01-17,Android,KZ,Shymkent
1556,Google Ads,2024-01-21,iOS,US,Chicago
1557,Google Ads,2024-01-06,Android,US,Los Angeles
1558,Google Ads,2024-01-26,Android,RU,Kazan
1559,Google Ads,2024-01-25,iOS,RU,Saint Petersburg
1560,Google Ads,2024-02-22,iOS,RU,Saint Petersburg
1561,Google Ads,2024-01-03,iOS,KZ,Shymkent
1562,Google Ads,2024-02-06,iOS,KZ,Almaty
1563,Google Ads,2024-02-09,iOS,KZ,Almaty
1564,Google Ads,2024-01-20,Android,US,Chicago
1565,Google Ads,2024-01-29,iOS,US,New York
1566,Google Ads,2024-01-06,Android,KZ,Almaty
1567,Google Ads,2024-01-24,Android,RU,Moscow
1568,Google Ads,2024-02-07,Android,US,Los Angeles
1569,Google Ads,2024-02-14,Android,KZ,Almaty
1570,Google Ads,2024-02-29,Android,US,Chicago
1571,Google Ads,2024-01-03,Android,KZ,Almaty
1572,Google Ads,2024-01-28,Android,RU,Kazan
1573,Google Ads,2024-01-19,Android,GB,Manchester
1574,Google Ads,2024-01-09,Android,DE,Berlin
1575,Google Ads,2024-02-09,iOS,KZ,Almaty
1576,Google Ads,2024-02-12,iOS,US,Los Angeles
1577,Google Ads,2024-03-01,iOS,KZ,Astana
1578,Google Ads,2024-01-22,iOS,DE,Berlin
1579,Google Ads,2024-01-30,iOS,KZ,Shymkent
1580,Google Ads,2024-02-05,iOS,RU,Moscow
1581,Google Ads,2024-02-01,Android,DE,Munich
1582,Google Ads,2024-01-04,Android,US,New York
1583,Google Ads,2024-02-26,Android,RU,Moscow
1584,Google Ads,2024-02-18,iOS,KZ,Shymkent
1585,Google Ads,2024-01-25,iOS,GB,Birmingham
1586,Google Ads,2024-01-16,iOS,DE,Munich
1587,Google Ads,2024-01-17,Android,US,Los Angeles
1588,Google Ads,2024-02-15,iOS,DE,Munich
1589,Google Ads,2024-01-20,iOS,DE,Berlin
1590,Google Ads,2024-01-27,iOS,DE,Hamburg
1591,Google Ads,2024-01-10,Android,GB,Birmingham
1592,Google Ads,2024-02-08,Android,GB,Manchester
1593,Google Ads,2024-01-09,iOS,GB,Manchester
1594,Google Ads,2024-02-05,iOS,DE,Berlin
1595,Google Ads,2024-02-15,iOS,DE,Hamburg
1596,Google Ads,2024-02-16,Android,KZ,Astana
1597,Google Ads,2024-02-05,Android,GB,London
1598,Google Ads,2024-02-28,iOS,KZ,Almaty
1599,Google Ads,2024-02-16,iOS,DE,Berlin
1600,Google Ads,2024-01-14,Android,GB,Manchester
1601,Google Ads,2024-01-25,iOS,US,Chicago
1602,Google Ads,2024-02-19,iOS,DE,Munich
1603,Google Ads,2024-01-10,iOS,US,New York
1604,Google Ads,2024-02-01,Android,DE,Munich
1605,Google Ads,2024-02-26,iOS,GB,Manchester
1606,Google Ads,2024-02-14,iOS,US,Chicago
1607,Google Ads,2024-01-09,iOS,US,New York
1608,Google Ads,2024-02-04,iOS,DE,Berlin
1609,Google Ads,2024-01-11,iOS,GB,Manchester
1610,Google Ads,2024-02-15,iOS,DE,Berlin
1611,Google Ads,2024-02-26,iOS,RU,Kazan
1612,Google Ads,2024-02-22,Android,KZ,Almaty
1613,Google Ads,2024-01-29,iOS,KZ,Almaty
1614,Google Ads,2024-01-20,iOS,US,New York
1615,Google Ads,2024-02-19,iOS,US,Chicago
1616,Google Ads,2024-02-06,iOS,US,New York
1617,Google Ads,2024-01-27,Android,GB,Birmingham
1618,Google Ads,2024-02-05,iOS,US,Chicago
1619,Google Ads,2024-01-14,iOS,DE,Berlin
1620,Google Ads,2024-01-15,Android,DE,Berlin
1621,Google Ads,2024-01-23,Android,GB,Birmingham
1622,Google Ads,2024-02-25,iOS,KZ,Shymkent
1623,Google Ads,2024-01-06,Android,DE,Munich
1624,Google Ads,2024-02-24,iOS,KZ,Astana
1625,Google Ads,2024-02-25,Android,RU,Saint Petersburg
1626,Google Ads,2024-02-17,iOS,GB,Birmingham
1627,Google Ads,2024-02-24,Android,RU,Kazan
1628,Google Ads,2024-02-07,Android,DE,Berlin
1629,Google Ads,2024-01-03,Android,US,New York
1630,Google Ads,2024-01-24,iOS,KZ,Almaty
1631,Google Ads,2024-01-19,Android,RU,Kazan
1632,Google Ads,2024-02-18,iOS,DE,Hamburg
1633,Google Ads,2024-02-04,Android,GB,Birmingham
1634,Google Ads,2024-01-20,iOS,KZ,Shymkent
1635,Google Ads,2024-01-08,Android,US,New York
1636,Google Ads,2024-01-18,Android,US,New York
1637,Google Ads,2024-01-15,Android,DE,Munich
1638,Google Ads,2024-02-20,iOS,RU,Saint Petersburg
1639,Google Ads,2024-02-20,iOS,KZ,Astana
1640,Google Ads,2024-01-05,iOS,RU,Kazan
1641,Google Ads,2024-01-07,iOS,RU,Moscow
1642,Google Ads,2024-02-23,Android,US,Los Angeles
1643,Google Ads,2024-01-20,iOS,GB,Manchester
1644,Google Ads,2024-01-11,Android,US,Los Angeles
1645,Google Ads,2024-01-28,iOS,GB,London
1646,Google Ads,2024-01-18,iOS,GB,Birmingham
1647,Google Ads,2024-02-12,Android,DE,Berlin
1648,Google Ads,2024-01-14,iOS,RU,Saint Petersburg
1649,Google Ads,2024-01-27,Android,RU,Kazan
1650,Google Ads,2024-02-24,iOS,DE,Munich
1651,Google Ads,2024-02-19,iOS,GB,Birmingham
1652,Google Ads,2024-01-27,iOS,GB,Manchester
1653,Google Ads,2024-02-16,iOS,RU,Saint Petersburg
1654,Google Ads,2024-01-03,Android,DE,Munich
1655,Google Ads,2024-02-08,iOS,KZ,Almaty
1656,Google Ads,2024-01-29,Android,KZ,Astana
1657,Google Ads,2024-01-14,iOS,US,Los Angeles
1658,Google Ads,2024-02-15,Android,KZ,Shymkent
1659,Google Ads,2024-02-15,iOS,KZ,Astana
1660,Google Ads,2024-01-05,Android,US,New York
1661,Google Ads,2024-02-07,Android,US,Los Angeles
1662,Google Ads,2024-03-01,iOS,US,Los Angeles
1663,Google Ads,2024-02-22,Android,RU,Saint Petersburg
1664,Google Ads,2024-02-25,iOS,KZ,Shymkent
1665,Google Ads,2024-01-15,Android,RU,Saint Petersburg
1666,Google Ads,2024-01-12,iOS,GB,London
1667,Google Ads,2024-02-21,iOS,KZ,Almaty
1668,Google Ads,2024-01-02,Android,GB,Birmingham
1669,Google Ads,2024-01-09,Android,RU,Moscow
1670,Google Ads,2024-02-21,Android,US,New York
1671,Google Ads,2024-01-31,iOS,DE,Berlin
1672,Google Ads,2024-02-20,iOS,GB,Birmingham
1673,Google Ads,2024-01-05,Android,US,New York
1674,Google Ads,2024-02-19,iOS,KZ,Almaty
1675,Google Ads,2024-02-08,iOS,DE,Munich
1676,Google Ads,2024-01-03,Android,DE,Munich
1677,Google Ads,2024-01-26,iOS,US,Los Angeles
1678,Google Ads,2024-01-06,iOS,GB,London
1679,Google Ads,2024-02-08,iOS,GB,London
1680,Google Ads,2024-01-09,Android,RU,Saint Petersburg
1681,Google Ads,2024-02-05,iOS,KZ,Astana
1682,Google Ads,2024-01-28,Android,KZ,Almaty
1683,Google Ads,2024-01-15,Android,US,New York
1684,Google Ads,2024-01-23,Android,US,Los Angeles
1685,Google Ads,2024-02-10,Android,GB,London
1686,Google Ads,2024-02-23,iOS,GB,Manchester
1687,Google Ads,2024-01-14,iOS,RU,Saint Petersburg
1688,Google Ads,2024-02-17,iOS,GB,London
1689,Google Ads,2024-02-13,iOS,DE,Munich
1690,Google Ads,2024-01-14,iOS,US,Los Angeles
1691,Google Ads,2024-02-24,iOS,DE,Hamburg
1692,Google Ads,2024-01-11,iOS,GB,Manchester
1693,Google Ads,2024-02-18,iOS,US,Chicago
1694,Google Ads,2024-02-03,Android,US,New York
1695,Google Ads,2024-02-10,Android,GB,Birmingham
1696,Google Ads,2024-01-13,Android,DE,Berlin
1697,Google Ads,2024-02-12,Android,KZ,Almaty
1698,Google Ads,2024-01-06,iOS,US,New York
1699,Google Ads,2024-01-28,iOS,GB,London
1700,Google Ads,2024-01-23,iOS,KZ,Almaty
1701,TikTok,2024-02-06,Android,GB,Manchester
1702,TikTok,2024-02-10,iOS,KZ,Shymkent
1703,TikTok,2024-02-29,iOS,RU,Moscow
1704,TikTok,2024-01-15,Android,GB,London
1705,TikTok,2024-01-22,Android,DE,Hamburg
1706,TikTok,2024-01-12,iOS,RU,Moscow
1707,TikTok,2024-02-04,iOS,US,Chicago
1708,TikTok,2024-02-28,Android,GB,Manchester
1709,TikTok,2024-02-18,Android,DE,Munich
1710,TikTok,2024-02-13,Android,GB,Manchester
1711,TikTok,2024-02-20,iOS,US,Los Angeles
1712,TikTok,2024-02-20,iOS,KZ,Shymkent
1713,TikTok,2024-02-18,iOS,RU,Moscow
1714,TikTok,2024-02-15,Android,US,Chicago
1715,TikTok,2024-02-19,iOS,RU,Moscow
1716,TikTok,2024-01-21,Android,RU,Saint Petersburg
1717,TikTok,2024-01-10,Android,RU,Saint Petersburg
1718,TikTok,2024-02-02,iOS,DE,Munich
1719,TikTok,2024-02-29,Android,RU,Kazan
1720,TikTok,2024-03-01,iOS,US,New York
1721,TikTok,2024-02-16,iOS,KZ,Almaty
1722,TikTok,2024-02-04,iOS,DE,Berlin
1723,TikTok,2024-01-27,iOS,RU,Saint Petersburg
1724,TikTok,2024-02-16,iOS,DE,Berlin
1725,TikTok,2024-02-21,Android,DE,Berlin
1726,TikTok,2024-02-12,Android,RU,Saint Petersburg
1727,TikTok,2024-01-18,Android,US,Los Angeles
1728,TikTok,2024-01-04,iOS,KZ,Shymkent
1729,TikTok,2024-01-16,iOS,DE,Munich
1730,TikTok,2024-02-12,iOS,DE,Berlin
1731,TikTok,2024-01-13,Android,KZ,Astana
1732,TikTok,2024-02-18,iOS,GB,Manchester
1733,TikTok,2024-02-14,iOS,DE,Berlin
1734,TikTok,2024-02-11,Android,GB,Manchester
1735,TikTok,2024-01-03,Android,KZ,Shymkent
1736,TikTok,2024-01-16,Android,RU,Kazan
1737,TikTok,2024-01-08,Android,KZ,Astana
1738,TikTok,2024-01-08,Android,DE,Munich
1739,TikTok,2024-02-29,Android,DE,Hamburg
1740,TikTok,2024-02-28,Android,GB,Birmingham
1741,TikTok,2024-01-15,iOS,DE,Berlin
1742,TikTok,2024-02-29,iOS,KZ,Almaty
1743,TikTok,2024-01-24,Android,DE,Munich
1744,TikTok,2024-02-25,iOS,KZ,Shymkent
1745,TikTok,2024-01-21,iOS,RU,Saint Petersburg
1746,TikTok,2024-02-18,Android,GB,Manchester
1747,TikTok,2024-01-30,iOS,DE,Munich
1748,TikTok,2024-01-25,Android,GB,Birmingham
1749,TikTok,2024-02-20,iOS,US,Chicago
1750,TikTok,2024-01-07,iOS,GB,Manchester
1751,TikTok,2024-01-10,Android,RU,Kazan
1752,TikTok,2024-02-15,Android,US,Los Angeles
1753,TikTok,2024-02-13,Android,US,Chicago
1754,TikTok,2024-02-11,iOS,KZ,Almaty
1755,TikTok,2024-01-31,Android,KZ,Almaty
1756,TikTok,2024-02-25,Android,US,New York
1757,TikTok,2024-01-29,iOS,GB,Birmingham
1758,TikTok,2024-01-30,Android,RU,Moscow
1759,TikTok,2024-02-24,iOS,RU,Saint Petersburg
1760,TikTok,2024-01-13,Android,KZ,Shymkent
1761,TikTok,2024-01-04,Android,RU,Kazan
1762,TikTok,2024-01-15,Android,GB,London
1763,TikTok,2024-01-25,iOS,GB,London
1764,TikTok,2024-02-10,Android,DE,Hamburg
1765,TikTok,2024-01-01,Android,RU,Kazan
1766,TikTok,2024-02-09,iOS,RU,Moscow
1767,TikTok,2024-02-16,Android,DE,Berlin
1768,TikTok,2024-01-25,Android,DE,Berlin
1769,TikTok,2024-02-17,Android,RU,Saint Petersburg
1770,TikTok,2024-01-27,Android,RU,Kazan
1771,TikTok,2024-01-03,Android,DE,Berlin
1772,TikTok,2024-01-30,iOS,DE,Munich
1773,TikTok,2024-02-19,Android,DE,Berlin
1774,TikTok,2024-02-29,Android,KZ,Shymkent
1775,TikTok,2024-01-08,Android,KZ,Shymkent
1776,TikTok,2024-02-04,iOS,US,Los Angeles
1777,TikTok,2024-02-29,Android,GB,Manchester
1778,TikTok,2024-02-22,iOS,RU,Moscow
1779,TikTok,2024-02-02,iOS,RU,Saint Petersburg
1780,TikTok,2024-02-13,Android,GB,Manchester
1781,TikTok,2024-01-17,Android,GB,London
1782,TikTok,2024-02-27,Android,KZ,Shymkent
1783,TikTok,2024-01-24,iOS,RU,Moscow
1784,TikTok,2024-01-05,Android,US,New York
1785,TikTok,2024-01-14,Android,GB,London
1786,TikTok,2024-01-22,iOS,DE,Munich
1787,TikTok,2024-01-25,Android,US,Los Angeles
1788,TikTok,2024-02-19,Android,GB,London
1789,TikTok,2024-01-23,iOS,RU,Saint Petersburg
1790,TikTok,2024-01-09,iOS,RU,Kazan
1791,TikTok,2024-02-27,iOS,RU,Kazan
1792,TikTok,2024-02-12,iOS,DE,Berlin
1793,TikTok,2024-02-12,Android,KZ,Almaty
1794,TikTok,2024-01-11,Android,DE,Munich
1795,TikTok,2024-01-07,iOS,KZ,Astana
1796,TikTok,2024-02-07,Android,DE,Munich
1797,TikTok,2024-02-10,iOS,RU,Moscow
1798,TikTok,2024-02-22,iOS,RU,Kazan
1799,TikTok,2024-01-04,iOS,GB,Birmingham
1800,TikTok,2024-01-15,iOS,DE,Berlin
1801,TikTok,2024-01-21,iOS,KZ,Almaty
1802,TikTok,2024-01-30,Android,RU,Kazan
1803,TikTok,2024-02-06,Android,KZ,Almaty
1804,TikTok,2024-01-09,Android,GB,Manchester
1805,TikTok,2024-01-23,Android,GB,Birmingham
1806,TikTok,2024-01-01,iOS,RU,Kazan
1807,TikTok,2024-02-05,iOS,KZ,Astana
1808,TikTok,2024-02-09,iOS,GB,London
1809,TikTok,2024-01-04,iOS,US,New York
1810,TikTok,2024-02-05,iOS,US,New York
1811,TikTok,2024-02-22,Android,DE,Hamburg
1812,TikTok,2024-01-13,iOS,RU,Moscow
1813,TikTok,2024-02-17,iOS,KZ,Shymkent
1814,TikTok,2024-02-13,iOS,RU,Kazan
1815,TikTok,2024-02-03,Android,DE,Hamburg
1816,TikTok,2024-01-30,iOS,RU,Kazan
1817,TikTok,2024-02-07,iOS,GB,Manchester
1818,TikTok,2024-01-11,iOS,DE,Berlin
1819,TikTok,2024-02-16,Android,GB,Birmingham
1820,TikTok,2024-02-04,Android,RU,Saint Petersburg
1821,TikTok,2024-02-15,iOS,RU,Saint Petersburg
1822,TikTok,2024-02-25,iOS,US,Los Angeles
1823,TikTok,2024-01-12,iOS,DE,Hamburg
1824,TikTok,2024-02-14,iOS,GB,Manchester
1825,TikTok,2024-02-05,Android,RU,Kazan
1826,TikTok,2024-01-10,iOS,US,Chicago
1827,TikTok,2024-01-10,Android,GB,Manchester
1828,TikTok,2024-02-01,iOS,KZ,Astana
1829,TikTok,2024-02-22,Android,DE,Munich
1830,TikTok,2024-02-23,iOS,US,Chicago
1831,TikTok,2024-01-26,Android,DE,Hamburg
1832,TikTok,2024-01-20,iOS,KZ,Astana
1833,TikTok,2024-01-12,Android,DE,Berlin
1834,TikTok,2024-01-24,Android,RU,Kazan
1835,TikTok,2024-02-21,Android,GB,London
1836,TikTok,2024-01-14,Android,KZ,Almaty
1837,TikTok,2024-02-10,iOS,GB,London
1838,TikTok,2024-02-28,iOS,DE,Munich
1839,TikTok,2024-02-28,iOS,US,Los Angeles
1840,TikTok,2024-02-03,Android,GB,Birmingham
1841,TikTok,2024-02-28,Android,US,New York
1842,TikTok,2024-02-26,iOS,DE,Berlin
1843,TikTok,2024-02-08,iOS,GB,London
1844,TikTok,2024-02-05,Android,RU,Kazan
1845,TikTok,2024-02-22,Android,US,New York
1846,TikTok,2024-02-23,iOS,GB,Birmingham
1847,TikTok,2024-01-04,Android,GB,Birmingham
1848,TikTok,2024-01-06,iOS,DE,Munich
1849,TikTok,2024-02-28,iOS,KZ,Astana
1850,TikTok,2024-01-02,iOS,KZ,Almaty
1851,TikTok,2024-01-11,iOS,DE,Hamburg
1852,TikTok,2024-01-23,Android,DE,Munich
1853,TikTok,2024-02-09,iOS,US,New York
1854,TikTok,2024-02-03,iOS,RU,Saint Petersburg
1855,TikTok,2024-02-16,Android,KZ,Shymkent
1856,TikTok,2024-01-14,iOS,GB,Manchester
1857,TikTok,2024-02-17,Android,KZ,Almaty
1858,TikTok,2024-01-30,iOS,US,Los Angeles
1859,TikTok,2024-01-06,Android,US,Los Angeles
1860,TikTok,2024-01-27,Android,US,New York
1861,TikTok,2024-02-06,Android,RU,Moscow
1862,TikTok,2024-01-24,iOS,GB,Manchester
1863,TikTok,2024-02-04,iOS,DE,Munich
1864,TikTok,2024-01-16,iOS,RU,Kazan
1865,TikTok,2024-01-23,iOS,DE,Hamburg
1866,TikTok,2024-01-01,Android,KZ,Almaty
1867,TikTok,2024-02-24,iOS,DE,Berlin
1868,TikTok,2024-02-02,Android,RU,Saint Petersburg
1869,TikTok,2024-01-19,iOS,KZ,Shymkent
1870,TikTok,2024-01-15,iOS,GB,Birmingham
1871,TikTok,2024-02-15,iOS,US,Los Angeles
1872,TikTok,2024-02-27,Android,DE,Berlin
1873,TikTok,2024-02-27,Android,DE,Munich
1874,TikTok,2024-01-14,iOS,GB,London
1875,TikTok,2024-01-20,iOS,RU,Kazan
1876,TikTok,2024-02-17,Android,US,New York
1877,TikTok,2024-02-16,Android,GB,Birmingham
1878,TikTok,2024-01-03,iOS,KZ,Shymkent
1879,TikTok,2024-01-22,Android,DE,Hamburg
1880,TikTok,2024-01-16,iOS,DE,Hamburg
1881,TikTok,2024-02-20,iOS,DE,Hamburg
1882,TikTok,2024-02-05,Android,RU,Kazan
1883,TikTok,2024-01-27,Android,KZ,Shymkent
1884,TikTok,2024-01-02,Android,KZ,Shymkent
1885,TikTok,2024-01-15,Android,KZ,Astana
1886,TikTok,2024-02-04,Android,DE,Berlin
1887,TikTok,2024-02-02,iOS,RU,Saint Petersburg
1888,TikTok,2024-02-01,iOS,DE,Berlin
1889,TikTok,2024-01-15,iOS,US,Chicago
1890,TikTok,2024-01-11,iOS,DE,Berlin
1891,TikTok,2024-02-02,iOS,US,Chicago
1892,TikTok,2024-01-31,iOS,KZ,Astana
1893,TikTok,2024-02-11,Android,KZ,Astana
1894,TikTok,2024-01-07,iOS,RU,Kazan
1895,TikTok,2024-01-14,Android,US,Los Angeles
1896,TikTok,2024-01-19,iOS,US,Los Angeles
1897,TikTok,2024-01-04,Android,DE,Berlin
1898,TikTok,2024-01-04,iOS,DE,Hamburg
1899,TikTok,2024-02-14,iOS,GB,Manchester
1900,TikTok,2024-01-21,Android,DE,Munich
1901,TikTok,2024-01-02,Android,GB,London
1902,TikTok,2024-01-25,iOS,GB,Birmingham
1903,TikTok,2024-01-23,Android,KZ,Astana
1904,TikTok,2024-01-10,iOS,RU,Moscow
1905,TikTok,2024-01-26,iOS,DE,Hamburg
1906,TikTok,2024-01-23,Android,DE,Hamburg
1907,TikTok,2024-01-24,Android,RU,Kazan
1908,TikTok,2024-02-24,Android,GB,London
1909,TikTok,2024-02-13,iOS,RU,Moscow
1910,TikTok,2024-01-30,iOS,DE,Munich
1911,TikTok,2024-01-05,iOS,GB,Manchester
1912,TikTok,2024-02-23,Android,RU,Saint Petersburg
1913,TikTok,2024-02-01,Android,US,New York
1914,TikTok,2024-02-27,Android,RU,Saint Petersburg
1915,TikTok,2024-02-01,iOS,KZ,Shymkent
1916,TikTok,2024-01-29,iOS,US,Los Angeles
1917,TikTok,2024-01-31,iOS,GB,Birmingham
1918,TikTok,2024-02-26,Android,RU,Kazan
1919,TikTok,2024-02-04,iOS,KZ,Almaty
1920,TikTok,2024-02-08,Android,DE,Berlin
1921,TikTok,2024-01-10,iOS,RU,Saint Petersburg
1922,TikTok,2024-01-17,Android,GB,Manchester
1923,TikTok,2024-02-06,Android,RU,Moscow
1924,TikTok,2024-01-14,iOS,RU,Moscow
1925,TikTok,2024-02-27,Android,KZ,Shymkent
1926,TikTok,2024-02-28,iOS,US,Chicago
1927,TikTok,2024-02-22,Android,DE,Hamburg
1928,TikTok,2024-02-02,iOS,US,Los Angeles
1929,TikTok,2024-02-06,Android,US,Los Angeles
1930,TikTok,2024-01-12,iOS,DE,Hamburg
1931,TikTok,2024-01-23,iOS,KZ,Almaty
1932,TikTok,2024-01-30,Android,US,Los Angeles
1933,TikTok,2024-02-01,Android,US,New York
1934,TikTok,2024-02-12,iOS,DE,Hamburg
1935,TikTok,2024-01-20,iOS,RU,Moscow
1936,TikTok,2024-01-18,iOS,DE,Munich
1937,TikTok,2024-01-14,Android,KZ,Astana
1938,TikTok,2024-02-02,Android,GB,London
1939,TikTok,2024-01-20,iOS,KZ,Shymkent
1940,TikTok,2024-01-28,iOS,DE,Berlin
1941,TikTok,2024-02-16,Android,GB,Manchester
1942,TikTok,2024-01-31,iOS,US,Los Angeles
1943,TikTok,2024-01-31,iOS,KZ,Shymkent
1944,TikTok,2024-02-10,Android,DE,Berlin
1945,TikTok,2024-01-13,Android,RU,Saint Petersburg
1946,TikTok,2024-02-22,iOS,RU,Kazan
1947,TikTok,2024-02-28,iOS,RU,Moscow
1948,TikTok,2024-02-29,iOS,DE,Munich
1949,TikTok,2024-02-26,iOS,KZ,Shymkent
1950,TikTok,2024-01-07,Android,DE,Munich
1951,TikTok,2024-01-27,iOS,US,New York
1952,TikTok,2024-02-06,iOS,GB,London
1953,TikTok,2024-01-25,Android,US,Chicago
1954,TikTok,2024-02-25,Android,GB,Birmingham
1955,TikTok,2024-02-22,iOS,DE,Berlin
1956,TikTok,2024-02-08,iOS,GB,Birmingham
1957,TikTok,2024-02-19,Android,DE,Munich
1958,TikTok,2024-02-02,iOS,KZ,Astana
1959,TikTok,2024-02-13,iOS,RU,Saint Petersburg
1960,TikTok,2024-01-01,iOS,KZ,Shymkent
1961,TikTok,2024-02-13,iOS,DE,Hamburg
1962,TikTok,2024-02-11,iOS,RU,Saint Petersburg
1963,TikTok,2024-02-16,Android,GB,Birmingham
1964,TikTok,2024-01-03,iOS,RU,Saint Petersburg
1965,TikTok,2024-02-22,iOS,US,Los Angeles
1966,TikTok,2024-02-06,iOS,RU,Kazan
1967,TikTok,2024-02-06,Android,RU,Moscow
1968,TikTok,2024-01-13,iOS,KZ,Astana
1969,TikTok,2024-02-16,iOS,US,New York
1970,TikTok,2024-02-05,Android,GB,London
1971,TikTok,2024-01-09,Android,GB,London
1972,TikTok,2024-02-11,iOS,DE,Munich
1973,TikTok,2024-01-31,Android,DE,Hamburg
1974,TikTok,2024-01-09,Android,DE,Munich
1975,TikTok,2024-02-09,iOS,DE,Munich
1976,TikTok,2024-01-05,Android,KZ,Astana
1977,TikTok,2024-02-20,Android,GB,London
1978,TikTok,2024-02-29,iOS,DE,Hamburg
1979,TikTok,2024-02-05,iOS,DE,Munich
1980,TikTok,2024-01-10,Android,RU,Saint Petersburg
1981,TikTok,2024-02-09,iOS,KZ,Shymkent
1982,TikTok,2024-01-04,Android,US,New York
1983,TikTok,2024-01-30,iOS,GB,Birmingham
1984,TikTok,2024-02-28,iOS,RU,Moscow
1985,TikTok,2024-01-23,iOS,DE,Berlin
1986,TikTok,2024-01-12,Android,KZ,Astana
1987,TikTok,2024-01-28,iOS,DE,Berlin
1988,TikTok,2024-01-28,iOS,RU,Moscow
1989,TikTok,2024-02-17,iOS,GB,Manchester
1990,TikTok,2024-01-03,Android,DE,Hamburg
1991,TikTok,2024-01-03,Android,GB,London
1992,TikTok,2024-01-28,Android,DE,Berlin
1993,TikTok,2024-02-26,iOS,KZ,Astana
1994,TikTok,2024-01-12,Android,RU,Saint Petersburg
1995,TikTok,2024-02-16,iOS,US,Chicago
1996,TikTok,2024-01-27,iOS,US,Chicago
1997,TikTok,2024-02-06,Android,KZ,Astana
1998,TikTok,2024-02-23,iOS,RU,Kazan
1999,TikTok,2024-02-21,iOS,DE,Berlin
2000,TikTok,2024-01-10,Android,DE,Hamburg
